region,species_abbr,cuid,cu_name_pse,year,observed_spawners,estimated_spawners
Transboundary,CK,1004,Alsek,1976,1153,5282
Transboundary,CK,1004,Alsek,1977,2894,12706
Transboundary,CK,1004,Alsek,1978,2676,12034
Transboundary,CK,1004,Alsek,1979,2454,17354
Transboundary,CK,1004,Alsek,1980,2487,10718
Transboundary,CK,1004,Alsek,1981,1963,8587
Transboundary,CK,1004,Alsek,1982,1969,9584
Transboundary,CK,1004,Alsek,1983,2237,10344
Transboundary,CK,1004,Alsek,1984,2062,7213
Transboundary,CK,1004,Alsek,1985,1699,6087
Transboundary,CK,1004,Alsek,1986,3663,11069
Transboundary,CK,1004,Alsek,1987,3595,11276
Transboundary,CK,1004,Alsek,1988,2654,8852
Transboundary,CK,1004,Alsek,1989,2481,10178
Transboundary,CK,1004,Alsek,1990,2099,8775
Transboundary,CK,1004,Alsek,1991,2518,11667
Transboundary,CK,1004,Alsek,1992,1421,5773
Transboundary,CK,1004,Alsek,1993,3947,13917
Transboundary,CK,1004,Alsek,1994,4386,15970
Transboundary,CK,1004,Alsek,1995,5992,24772
Transboundary,CK,1004,Alsek,1996,3756,15922
Transboundary,CK,1004,Alsek,1997,3128,12494
Transboundary,CK,1004,Alsek,1998,8426,6833
Transboundary,CK,1004,Alsek,1999,17399,14615
Transboundary,CK,1004,Alsek,2000,9574,7905
Transboundary,CK,1004,Alsek,2001,9294,6705
Transboundary,CK,1004,Alsek,2002,8360,5569
Transboundary,CK,1004,Alsek,2003,7807,5904
Transboundary,CK,1004,Alsek,2004,9658,7083
Transboundary,CK,1004,Alsek,2005,1129,4390
Transboundary,CK,1004,Alsek,2006,701,2321
Transboundary,CK,1004,Alsek,2007,792,2827
Transboundary,CK,1004,Alsek,2008,583,1885
Transboundary,CK,1004,Alsek,2009,1518,6239
Transboundary,CK,1004,Alsek,2010,2259,9526
Transboundary,CK,1004,Alsek,2011,1610,6850
Transboundary,CK,1004,Alsek,2012,693,3027
Transboundary,CK,1004,Alsek,2013,1227,4992
Transboundary,CK,1004,Alsek,2014,832,3357
Transboundary,CK,1004,Alsek,2015,1388,5697
Transboundary,CK,1004,Alsek,2016,646,2514
Transboundary,CK,1004,Alsek,2017,443,1741
Transboundary,CK,1004,Alsek,2018,1087,4348
Transboundary,CK,1004,Alsek,2019,1573,6319
Transboundary,CK,1004,Alsek,2020,1316,5330
Transboundary,CK,1004,Alsek,2021,1384,5562
Transboundary,CK,1004,Alsek,2022,934,3750
Transboundary,CK,1004,Alsek,2023,1053,4234
Transboundary,CK,1005,Lynn Canal,1981,69,NA
Transboundary,CK,1005,Lynn Canal,1982,123,NA
Transboundary,CK,1005,Lynn Canal,1983,126,NA
Transboundary,CK,1005,Lynn Canal,1984,104,NA
Transboundary,CK,1005,Lynn Canal,1985,50,NA
Transboundary,CK,1005,Lynn Canal,1986,9,NA
Transboundary,CK,1005,Lynn Canal,1987,190,NA
Transboundary,CK,1005,Lynn Canal,1988,89,NA
Transboundary,CK,1005,Lynn Canal,1989,231,NA
Transboundary,CK,1005,Lynn Canal,1990,42,NA
Transboundary,CK,1005,Lynn Canal,1991,126,NA
Transboundary,CK,1010,Stikine-Early Timing,1975,275,NA
Transboundary,CK,1010,Stikine-Early Timing,1979,2118,NA
Transboundary,CK,1010,Stikine-Early Timing,1980,1082,NA
Transboundary,CK,1010,Stikine-Early Timing,1981,2410,NA
Transboundary,CK,1010,Stikine-Early Timing,1982,2257,NA
Transboundary,CK,1010,Stikine-Early Timing,1983,536,NA
Transboundary,CK,1010,Stikine-Early Timing,1984,126,NA
Transboundary,CK,1010,Stikine-Early Timing,1985,4751,NA
Transboundary,CK,1010,Stikine-Early Timing,1986,4474,NA
Transboundary,CK,1010,Stikine-Early Timing,1987,6485,NA
Transboundary,CK,1010,Stikine-Early Timing,1988,12269,NA
Transboundary,CK,1010,Stikine-Early Timing,1989,5077,NA
Transboundary,CK,1010,Stikine-Early Timing,1990,6797,NA
Transboundary,CK,1010,Stikine-Early Timing,1991,7144,NA
Transboundary,CK,1010,Stikine-Early Timing,1992,8868,NA
Transboundary,CK,1010,Stikine-Early Timing,1993,14443,NA
Transboundary,CK,1010,Stikine-Early Timing,1994,6557,NA
Transboundary,CK,1010,Stikine-Early Timing,1995,3920,NA
Transboundary,CK,1010,Stikine-Early Timing,1996,5811,NA
Transboundary,CK,1010,Stikine-Early Timing,1997,6025,NA
Transboundary,CK,1010,Stikine-Early Timing,1998,5585,NA
Transboundary,CK,1010,Stikine-Early Timing,1999,4733,NA
Transboundary,CK,1010,Stikine-Early Timing,2000,6631,NA
Transboundary,CK,1010,Stikine-Early Timing,2001,9730,NA
Transboundary,CK,1010,Stikine-Early Timing,2002,7476,NA
Transboundary,CK,1010,Stikine-Early Timing,2003,6492,NA
Transboundary,CK,1010,Stikine-Early Timing,2004,16381,NA
Transboundary,CK,1010,Stikine-Early Timing,2005,7387,NA
Transboundary,CK,1010,Stikine-Early Timing,2006,3860,NA
Transboundary,CK,1010,Stikine-Early Timing,2007,562,NA
Transboundary,CK,1010,Stikine-Early Timing,2008,2663,NA
Transboundary,CK,1010,Stikine-Early Timing,2009,2245,NA
Transboundary,CK,1010,Stikine-Early Timing,2010,1057,NA
Transboundary,CK,1010,Stikine-Early Timing,2011,1753,NA
Transboundary,CK,1010,Stikine-Early Timing,2012,720,NA
Transboundary,CK,1010,Stikine-Early Timing,2013,878,NA
Transboundary,CK,1010,Stikine-Early Timing,2014,698,NA
Transboundary,CK,1010,Stikine-Early Timing,2015,533,NA
Transboundary,CK,1010,Stikine-Early Timing,2016,1041,NA
Transboundary,CK,1010,Stikine-Early Timing,2017,492,NA
Transboundary,CK,1010,Stikine-Early Timing,2018,470,NA
Transboundary,CK,1010,Stikine-Early Timing,2019,556,NA
Transboundary,CK,1010,Stikine-Early Timing,2020,347,NA
Transboundary,CK,1010,Stikine-Early Timing,2021,1083,NA
Transboundary,CK,1010,Stikine-Early Timing,2022,687,NA
Transboundary,CK,1010,Stikine-Early Timing,2023,363,NA
Transboundary,CK,1011,Stikine-Late Timing,1977,290,NA
Transboundary,CK,1011,Stikine-Late Timing,1979,2118,NA
Transboundary,CK,1011,Stikine-Late Timing,1980,1960,NA
Transboundary,CK,1011,Stikine-Late Timing,1981,1852,NA
Transboundary,CK,1011,Stikine-Late Timing,1982,1690,NA
Transboundary,CK,1011,Stikine-Late Timing,1983,453,NA
Transboundary,CK,1011,Stikine-Late Timing,1985,1490,NA
Transboundary,CK,1011,Stikine-Late Timing,1986,1400,NA
Transboundary,CK,1011,Stikine-Late Timing,1987,1390,NA
Transboundary,CK,1011,Stikine-Late Timing,1988,4384,NA
Transboundary,CK,1011,Stikine-Late Timing,1990,2134,NA
Transboundary,CK,1011,Stikine-Late Timing,1991,2445,NA
Transboundary,CK,1011,Stikine-Late Timing,1992,1891,NA
Transboundary,CK,1011,Stikine-Late Timing,1993,4010,NA
Transboundary,CK,1011,Stikine-Late Timing,1994,2422,NA
Transboundary,CK,1011,Stikine-Late Timing,1995,696,NA
Transboundary,CK,1011,Stikine-Late Timing,1996,772,NA
Transboundary,CK,1011,Stikine-Late Timing,1997,260,NA
Transboundary,CK,1011,Stikine-Late Timing,1998,587,NA
Transboundary,CK,1006,Taku-Early Timing,1975,289,NA
Transboundary,CK,1006,Taku-Early Timing,1976,765,NA
Transboundary,CK,1006,Taku-Early Timing,1977,668,NA
Transboundary,CK,1006,Taku-Early Timing,1978,645,NA
Transboundary,CK,1006,Taku-Early Timing,1979,866,NA
Transboundary,CK,1006,Taku-Early Timing,1980,1689,NA
Transboundary,CK,1006,Taku-Early Timing,1981,3277,NA
Transboundary,CK,1006,Taku-Early Timing,1982,1604,NA
Transboundary,CK,1006,Taku-Early Timing,1983,687,NA
Transboundary,CK,1006,Taku-Early Timing,1984,1127,NA
Transboundary,CK,1006,Taku-Early Timing,1985,3014,NA
Transboundary,CK,1006,Taku-Early Timing,1986,2218,NA
Transboundary,CK,1006,Taku-Early Timing,1987,1589,NA
Transboundary,CK,1006,Taku-Early Timing,1988,1844,NA
Transboundary,CK,1006,Taku-Early Timing,1989,2510,NA
Transboundary,CK,1006,Taku-Early Timing,1990,2650,NA
Transboundary,CK,1006,Taku-Early Timing,1991,2809,NA
Transboundary,CK,1006,Taku-Early Timing,1992,2902,NA
Transboundary,CK,1006,Taku-Early Timing,1993,3639,NA
Transboundary,CK,1006,Taku-Early Timing,1994,3605,NA
Transboundary,CK,1006,Taku-Early Timing,1995,3586,NA
Transboundary,CK,1006,Taku-Early Timing,1996,8426,NA
Transboundary,CK,1006,Taku-Early Timing,1997,5246,NA
Transboundary,CK,1006,Taku-Early Timing,1998,2461,NA
Transboundary,CK,1006,Taku-Early Timing,1999,1280,NA
Transboundary,CK,1006,Taku-Early Timing,2000,1370,NA
Transboundary,CK,1006,Taku-Early Timing,2001,1616,NA
Transboundary,CK,1006,Taku-Early Timing,2002,2125,NA
Transboundary,CK,1006,Taku-Early Timing,2003,1941,NA
Transboundary,CK,1006,Taku-Early Timing,2004,3729,NA
Transboundary,CK,1006,Taku-Early Timing,2005,1004,NA
Transboundary,CK,1006,Taku-Early Timing,2006,1549,NA
Transboundary,CK,1006,Taku-Early Timing,2007,480,NA
Transboundary,CK,1006,Taku-Early Timing,2008,2098,NA
Transboundary,CK,1006,Taku-Early Timing,2009,1450,NA
Transboundary,CK,1006,Taku-Early Timing,2010,1707,NA
Transboundary,CK,1006,Taku-Early Timing,2011,1237,NA
Transboundary,CK,1006,Taku-Early Timing,2012,852,NA
Transboundary,CK,1006,Taku-Early Timing,2013,693,NA
Transboundary,CK,1006,Taku-Early Timing,2014,497,NA
Transboundary,CK,1006,Taku-Early Timing,2015,901,NA
Transboundary,CK,1006,Taku-Early Timing,2016,535,NA
Transboundary,CK,1006,Taku-Early Timing,2017,171,NA
Transboundary,CK,1006,Taku-Early Timing,2018,631,NA
Transboundary,CK,1006,Taku-Early Timing,2019,1231,NA
Transboundary,CK,1006,Taku-Early Timing,2020,505,NA
Transboundary,CK,1006,Taku-Early Timing,2021,245,NA
Transboundary,CK,1006,Taku-Early Timing,2022,543,NA
Transboundary,CK,1006,Taku-Early Timing,2023,865,NA
Transboundary,CK,1008,Taku-Late Timing,1976,961,NA
Transboundary,CK,1008,Taku-Late Timing,1977,1153,NA
Transboundary,CK,1008,Taku-Late Timing,1978,1040,NA
Transboundary,CK,1008,Taku-Late Timing,1979,1180,NA
Transboundary,CK,1008,Taku-Late Timing,1980,1355,NA
Transboundary,CK,1008,Taku-Late Timing,1981,1399,NA
Transboundary,CK,1008,Taku-Late Timing,1982,676,NA
Transboundary,CK,1008,Taku-Late Timing,1983,407,NA
Transboundary,CK,1008,Taku-Late Timing,1984,895,NA
Transboundary,CK,1008,Taku-Late Timing,1985,1981,NA
Transboundary,CK,1008,Taku-Late Timing,1986,2077,NA
Transboundary,CK,1008,Taku-Late Timing,1987,1330,NA
Transboundary,CK,1008,Taku-Late Timing,1988,3303,NA
Transboundary,CK,1008,Taku-Late Timing,1989,2344,NA
Transboundary,CK,1008,Taku-Late Timing,1990,1682,NA
Transboundary,CK,1008,Taku-Late Timing,1991,1734,NA
Transboundary,CK,1008,Taku-Late Timing,1992,2406,NA
Transboundary,CK,1008,Taku-Late Timing,1993,3075,NA
Transboundary,CK,1008,Taku-Late Timing,1994,1516,NA
Transboundary,CK,1008,Taku-Late Timing,1995,1228,NA
Transboundary,CK,1008,Taku-Late Timing,1996,3631,NA
Transboundary,CK,1008,Taku-Late Timing,1997,2508,NA
Transboundary,CK,1008,Taku-Late Timing,1998,1148,NA
Transboundary,CK,1008,Taku-Late Timing,1999,992,NA
Transboundary,CK,1008,Taku-Late Timing,2000,1655,NA
Transboundary,CK,1008,Taku-Late Timing,2001,2074,NA
Transboundary,CK,1008,Taku-Late Timing,2002,2090,NA
Transboundary,CK,1008,Taku-Late Timing,2003,1850,NA
Transboundary,CK,1008,Taku-Late Timing,2004,2224,NA
Transboundary,CK,1008,Taku-Late Timing,2005,1979,NA
Transboundary,CK,1008,Taku-Late Timing,2006,2088,NA
Transboundary,CK,1008,Taku-Late Timing,2007,652,NA
Transboundary,CK,1008,Taku-Late Timing,2008,1773,NA
Transboundary,CK,1008,Taku-Late Timing,2009,1041,NA
Transboundary,CK,1008,Taku-Late Timing,2010,1537,NA
Transboundary,CK,1008,Taku-Late Timing,2011,1294,NA
Transboundary,CK,1008,Taku-Late Timing,2012,1062,NA
Transboundary,CK,1008,Taku-Late Timing,2013,1146,NA
Transboundary,CK,1008,Taku-Late Timing,2014,760,NA
Transboundary,CK,1008,Taku-Late Timing,2015,1056,NA
Transboundary,CK,1008,Taku-Late Timing,2016,395,NA
Transboundary,CK,1008,Taku-Late Timing,2017,451,NA
Transboundary,CK,1008,Taku-Late Timing,2018,323,NA
Transboundary,CK,1008,Taku-Late Timing,2019,691,NA
Transboundary,CK,1008,Taku-Late Timing,2020,895,NA
Transboundary,CK,1008,Taku-Late Timing,2021,902,NA
Transboundary,CK,1008,Taku-Late Timing,2022,952,NA
Transboundary,CK,1008,Taku-Late Timing,2023,1121,NA
Transboundary,CK,1007,Taku-Mid Timing,1975,1800,NA
Transboundary,CK,1007,Taku-Mid Timing,1976,3000,NA
Transboundary,CK,1007,Taku-Mid Timing,1977,3850,NA
Transboundary,CK,1007,Taku-Mid Timing,1978,1620,NA
Transboundary,CK,1007,Taku-Mid Timing,1979,2110,NA
Transboundary,CK,1007,Taku-Mid Timing,1980,4500,NA
Transboundary,CK,1007,Taku-Mid Timing,1981,5110,NA
Transboundary,CK,1007,Taku-Mid Timing,1982,2533,NA
Transboundary,CK,1007,Taku-Mid Timing,1983,968,NA
Transboundary,CK,1007,Taku-Mid Timing,1984,1887,NA
Transboundary,CK,1007,Taku-Mid Timing,1985,2647,NA
Transboundary,CK,1007,Taku-Mid Timing,1986,3868,NA
Transboundary,CK,1007,Taku-Mid Timing,1987,2906,NA
Transboundary,CK,1007,Taku-Mid Timing,1988,4500,NA
Transboundary,CK,1007,Taku-Mid Timing,1989,5141,NA
Transboundary,CK,1007,Taku-Mid Timing,1990,7917,NA
Transboundary,CK,1007,Taku-Mid Timing,1991,5610,NA
Transboundary,CK,1007,Taku-Mid Timing,1992,5750,NA
Transboundary,CK,1007,Taku-Mid Timing,1993,6490,NA
Transboundary,CK,1007,Taku-Mid Timing,1994,4792,NA
Transboundary,CK,1007,Taku-Mid Timing,1995,3943,NA
Transboundary,CK,1007,Taku-Mid Timing,1996,7720,NA
Transboundary,CK,1007,Taku-Mid Timing,1997,6095,NA
Transboundary,CK,1007,Taku-Mid Timing,1998,2720,NA
Transboundary,CK,1007,Taku-Mid Timing,1999,1900,NA
Transboundary,CK,1007,Taku-Mid Timing,2000,2907,NA
Transboundary,CK,1007,Taku-Mid Timing,2001,1552,NA
Transboundary,CK,1007,Taku-Mid Timing,2002,4066,NA
Transboundary,CK,1007,Taku-Mid Timing,2003,2126,NA
Transboundary,CK,1007,Taku-Mid Timing,2004,4091,NA
Transboundary,CK,1007,Taku-Mid Timing,2005,1213,NA
Transboundary,CK,1007,Taku-Mid Timing,2006,1900,NA
Transboundary,CK,1007,Taku-Mid Timing,2008,1437,NA
Transboundary,CK,1007,Taku-Mid Timing,2009,1698,NA
Transboundary,CK,1007,Taku-Mid Timing,2010,1730,NA
Transboundary,CK,1007,Taku-Mid Timing,2011,1380,NA
Transboundary,CK,1007,Taku-Mid Timing,2012,1300,NA
Transboundary,CK,1007,Taku-Mid Timing,2013,1623,NA
Transboundary,CK,1007,Taku-Mid Timing,2014,1040,NA
Transboundary,CK,1007,Taku-Mid Timing,2015,1340,NA
Transboundary,CK,1007,Taku-Mid Timing,2016,800,NA
Transboundary,CK,1007,Taku-Mid Timing,2017,301,NA
Transboundary,CK,1007,Taku-Mid Timing,2018,765,NA
Transboundary,CK,1007,Taku-Mid Timing,2019,1070,NA
Transboundary,CK,1007,Taku-Mid Timing,2020,1249,NA
Transboundary,CK,1007,Taku-Mid Timing,2021,1034,NA
Transboundary,CK,1007,Taku-Mid Timing,2022,1263,NA
Transboundary,CK,1007,Taku-Mid Timing,2023,1542,NA
Transboundary,CM,1001,Taku,1984,316,NA
Transboundary,CM,1001,Taku,1985,1376,NA
Transboundary,CM,1001,Taku,1986,80,NA
Transboundary,CM,1001,Taku,1987,1533,NA
Transboundary,CM,1001,Taku,1988,1089,NA
Transboundary,CM,1001,Taku,1989,645,NA
Transboundary,CM,1001,Taku,1990,748,NA
Transboundary,CM,1001,Taku,1991,1063,NA
Transboundary,CM,1001,Taku,1992,189,NA
Transboundary,CM,1001,Taku,1993,345,NA
Transboundary,CM,1001,Taku,1994,367,NA
Transboundary,CM,1001,Taku,1995,218,NA
Transboundary,CM,1001,Taku,1996,388,NA
Transboundary,CM,1001,Taku,1997,485,NA
Transboundary,CM,1001,Taku,1998,179,NA
Transboundary,CM,1001,Taku,1999,164,NA
Transboundary,CM,1001,Taku,2000,423,NA
Transboundary,CM,1001,Taku,2001,250,NA
Transboundary,CM,1001,Taku,2002,205,NA
Transboundary,CM,1001,Taku,2003,268,NA
Transboundary,CM,1001,Taku,2004,414,NA
Transboundary,CM,1001,Taku,2005,258,NA
Transboundary,CM,1001,Taku,2006,466,NA
Transboundary,CM,1001,Taku,2007,482,NA
Transboundary,CM,1001,Taku,2008,350,NA
Transboundary,CM,1001,Taku,2009,231,NA
Transboundary,CM,1001,Taku,2010,94,NA
Transboundary,CM,1001,Taku,2011,177,NA
Transboundary,CM,1001,Taku,2012,232,NA
Transboundary,CM,1001,Taku,2013,269,NA
Transboundary,CM,1001,Taku,2014,310,NA
Transboundary,CM,1001,Taku,2015,95,NA
Transboundary,CM,1001,Taku,2016,66,NA
Transboundary,CM,1001,Taku,2017,236,NA
Transboundary,CM,1001,Taku,2018,32,NA
Transboundary,CM,1001,Taku,2019,118,NA
Transboundary,CM,1001,Taku,2020,44,NA
Transboundary,CM,1001,Taku,2021,29,NA
Transboundary,CM,1001,Taku,2022,150,NA
Transboundary,CM,1001,Taku,2023,61,NA
Transboundary,CO,1013,Alsek,1991,8478,NA
Transboundary,CO,1013,Alsek,1992,1145,NA
Transboundary,CO,1013,Alsek,1993,788,NA
Transboundary,CO,1013,Alsek,1994,1232,NA
Transboundary,CO,1013,Alsek,1995,3564,NA
Transboundary,CO,1013,Alsek,1996,3465,NA
Transboundary,CO,1013,Alsek,1997,302,NA
Transboundary,CO,1013,Alsek,1998,1961,NA
Transboundary,CO,1013,Alsek,1999,2531,NA
Transboundary,CO,1013,Alsek,2000,4791,NA
Transboundary,CO,1013,Alsek,2001,746,NA
Transboundary,CO,1013,Alsek,2002,9921,NA
Transboundary,CO,1013,Alsek,2003,3689,NA
Transboundary,CO,1013,Alsek,2004,750,NA
Transboundary,CO,1013,Alsek,2005,663,NA
Transboundary,CO,1013,Alsek,2006,420,NA
Transboundary,CO,1013,Alsek,2007,299,NA
Transboundary,CO,1013,Alsek,2008,4249,NA
Transboundary,CO,1013,Alsek,2009,421,NA
Transboundary,CO,1013,Alsek,2010,2361,NA
Transboundary,CO,1013,Alsek,2011,2110,NA
Transboundary,CO,1013,Alsek,2012,1272,NA
Transboundary,CO,1013,Alsek,2013,7322,NA
Transboundary,CO,1013,Alsek,2014,341,NA
Transboundary,CO,1013,Alsek,2015,1810,NA
Transboundary,CO,1013,Alsek,2016,2141,NA
Transboundary,CO,1013,Alsek,2017,966,NA
Transboundary,CO,1013,Alsek,2018,728,NA
Transboundary,CO,1013,Alsek,2019,2180,NA
Transboundary,CO,1013,Alsek,2020,3869,NA
Transboundary,CO,1013,Alsek,2021,3559,NA
Transboundary,CO,1013,Alsek,2022,971,NA
Transboundary,CO,1013,Alsek,2023,11667,NA
Transboundary,CO,1017,Lower Stikine,1984,517,NA
Transboundary,CO,1017,Lower Stikine,1985,3870,NA
Transboundary,CO,1017,Lower Stikine,1988,584,NA
Transboundary,CO,1017,Lower Stikine,1989,4044,NA
Transboundary,CO,1017,Lower Stikine,1990,3040,NA
Transboundary,CO,1017,Lower Stikine,1991,2956,NA
Transboundary,CO,1017,Lower Stikine,1992,3688,NA
Transboundary,CO,1017,Lower Stikine,1993,530,NA
Transboundary,CO,1017,Lower Stikine,1994,3725,NA
Transboundary,CO,1017,Lower Stikine,1995,3752,NA
Transboundary,CO,1017,Lower Stikine,1996,3245,NA
Transboundary,CO,1017,Lower Stikine,1997,1057,NA
Transboundary,CO,1017,Lower Stikine,1998,1093,NA
Transboundary,CO,1017,Lower Stikine,1999,3872,NA
Transboundary,CO,1017,Lower Stikine,2000,306,NA
Transboundary,CO,1017,Lower Stikine,2001,7405,NA
Transboundary,CO,1017,Lower Stikine,2002,12646,NA
Transboundary,CO,1017,Lower Stikine,2004,3000,NA
Transboundary,CO,1017,Lower Stikine,2005,3199,NA
Transboundary,CO,1017,Lower Stikine,2006,2213,NA
Transboundary,CO,1017,Lower Stikine,2007,1557,NA
Transboundary,CO,1017,Lower Stikine,2008,1147,NA
Transboundary,CO,1017,Lower Stikine,2009,2275,NA
Transboundary,CO,1017,Lower Stikine,2010,1751,NA
Transboundary,CO,1017,Lower Stikine,2011,2544,NA
Transboundary,CO,1017,Lower Stikine,2012,339,NA
Transboundary,CO,1017,Lower Stikine,2013,1640,NA
Transboundary,CO,1017,Lower Stikine,2014,1195,NA
Transboundary,CO,1017,Lower Stikine,2015,1181,NA
Transboundary,CO,1017,Lower Stikine,2016,292,NA
Transboundary,CO,1017,Lower Stikine,2017,1656,NA
Transboundary,CO,1017,Lower Stikine,2018,1994,NA
Transboundary,CO,1017,Lower Stikine,2019,398,NA
Transboundary,CO,1017,Lower Stikine,2020,199,NA
Transboundary,CO,1017,Lower Stikine,2021,2456,NA
Transboundary,CO,1017,Lower Stikine,2022,1308,NA
Transboundary,CO,1017,Lower Stikine,2023,6869,NA
Transboundary,CO,1034,Taku-Early Timing,1986,426,NA
Transboundary,CO,1034,Taku-Early Timing,1987,441,NA
Transboundary,CO,1034,Taku-Early Timing,1988,1689,NA
Transboundary,CO,1034,Taku-Early Timing,1989,437,NA
Transboundary,CO,1034,Taku-Early Timing,1990,281,NA
Transboundary,CO,1034,Taku-Early Timing,1991,634,NA
Transboundary,CO,1034,Taku-Early Timing,1992,970,NA
Transboundary,CO,1034,Taku-Early Timing,1993,326,NA
Transboundary,CO,1034,Taku-Early Timing,1994,2112,NA
Transboundary,CO,1034,Taku-Early Timing,1995,14,NA
Transboundary,CO,1034,Taku-Early Timing,1996,4,NA
Transboundary,CO,1015,Taku-Late Timing,1984,1480,NA
Transboundary,CO,1015,Taku-Late Timing,1985,2320,NA
Transboundary,CO,1015,Taku-Late Timing,1986,1095,NA
Transboundary,CO,1015,Taku-Late Timing,1987,2100,NA
Transboundary,CO,1015,Taku-Late Timing,1988,1308,NA
Transboundary,CO,1015,Taku-Late Timing,1989,1670,NA
Transboundary,CO,1015,Taku-Late Timing,1990,414,NA
Transboundary,CO,1015,Taku-Late Timing,1991,1348,NA
Transboundary,CO,1015,Taku-Late Timing,1992,1288,NA
Transboundary,CO,1015,Taku-Late Timing,1993,70,NA
Transboundary,CO,1015,Taku-Late Timing,1994,50,NA
Transboundary,CO,1015,Taku-Late Timing,1995,421,NA
Transboundary,CO,1015,Taku-Late Timing,1996,278,NA
Transboundary,CO,1035,Taku-Mid Timing,1958,7402,NA
Transboundary,CO,1035,Taku-Mid Timing,1985,14316,NA
Transboundary,CO,1035,Taku-Mid Timing,1986,3067,NA
Transboundary,CO,1035,Taku-Mid Timing,1987,1888,NA
Transboundary,CO,1035,Taku-Mid Timing,1988,1923,NA
Transboundary,CO,1035,Taku-Mid Timing,1989,712,NA
Transboundary,CO,1035,Taku-Mid Timing,1990,669,NA
Transboundary,CO,1035,Taku-Mid Timing,1991,1101,NA
Transboundary,CO,1035,Taku-Mid Timing,1992,730,NA
Transboundary,CO,1035,Taku-Mid Timing,1993,88,NA
Transboundary,CO,1035,Taku-Mid Timing,1994,168,NA
Transboundary,PKE,1019,Transboundary Fjords (even),1984,24165,NA
Transboundary,PKE,1019,Transboundary Fjords (even),1986,7530,NA
Transboundary,PKE,1019,Transboundary Fjords (even),1988,4329,NA
Transboundary,PKE,1019,Transboundary Fjords (even),1990,13704,NA
Transboundary,PKE,1019,Transboundary Fjords (even),1992,9252,NA
Transboundary,PKE,1019,Transboundary Fjords (even),1994,36533,NA
Transboundary,PKE,1019,Transboundary Fjords (even),1996,21696,NA
Transboundary,PKE,1019,Transboundary Fjords (even),1998,28347,NA
Transboundary,PKE,1019,Transboundary Fjords (even),2000,6529,NA
Transboundary,PKE,1019,Transboundary Fjords (even),2002,5672,NA
Transboundary,PKE,1019,Transboundary Fjords (even),2004,8464,NA
Transboundary,PKE,1019,Transboundary Fjords (even),2006,21725,NA
Transboundary,PKE,1019,Transboundary Fjords (even),2008,4704,NA
Transboundary,PKE,1019,Transboundary Fjords (even),2010,8868,NA
Transboundary,PKE,1019,Transboundary Fjords (even),2012,5826,NA
Transboundary,PKE,1019,Transboundary Fjords (even),2014,2436,NA
Transboundary,PKE,1019,Transboundary Fjords (even),2016,1369,NA
Transboundary,PKE,1019,Transboundary Fjords (even),2018,1604,NA
Transboundary,PKE,1019,Transboundary Fjords (even),2020,4739,NA
Transboundary,PKE,1019,Transboundary Fjords (even),2022,2042,NA
Transboundary,PKO,1020,Transboundary Fjords (odd),1985,72781,NA
Transboundary,PKO,1020,Transboundary Fjords (odd),1987,73118,NA
Transboundary,PKO,1020,Transboundary Fjords (odd),1989,35685,NA
Transboundary,PKO,1020,Transboundary Fjords (odd),1991,24890,NA
Transboundary,PKO,1020,Transboundary Fjords (odd),1993,1628,NA
Transboundary,PKO,1020,Transboundary Fjords (odd),1995,1712,NA
Transboundary,PKO,1020,Transboundary Fjords (odd),1997,5196,NA
Transboundary,PKO,1020,Transboundary Fjords (odd),1999,23503,NA
Transboundary,PKO,1020,Transboundary Fjords (odd),2001,9134,NA
Transboundary,PKO,1020,Transboundary Fjords (odd),2003,15492,NA
Transboundary,PKO,1020,Transboundary Fjords (odd),2005,15839,NA
Transboundary,PKO,1020,Transboundary Fjords (odd),2007,12405,NA
Transboundary,PKO,1020,Transboundary Fjords (odd),2009,9234,NA
Transboundary,PKO,1020,Transboundary Fjords (odd),2011,17775,NA
Transboundary,PKO,1020,Transboundary Fjords (odd),2013,4666,NA
Transboundary,PKO,1020,Transboundary Fjords (odd),2015,24246,NA
Transboundary,PKO,1020,Transboundary Fjords (odd),2017,18520,NA
Transboundary,PKO,1020,Transboundary Fjords (odd),2019,16971,NA
Transboundary,PKO,1020,Transboundary Fjords (odd),2021,26950,NA
Transboundary,PKO,1020,Transboundary Fjords (odd),2023,7097,NA
Transboundary,SEL,1025,Christina,1984,130,NA
Transboundary,SEL,1025,Christina,1985,67,NA
Transboundary,SEL,1025,Christina,1986,0,NA
Transboundary,SEL,1025,Christina,1987,6,NA
Transboundary,SEL,1025,Christina,1988,7,NA
Transboundary,SEL,1025,Christina,1989,10,NA
Transboundary,SEL,1025,Christina,1990,4,NA
Transboundary,SEL,1025,Christina,1992,50,NA
Transboundary,SEL,1025,Christina,1993,28,NA
Transboundary,SEL,1025,Christina,2007,0,NA
Transboundary,SEL,1025,Christina,2008,0,NA
Transboundary,SEL,1025,Christina,2010,0,NA
Transboundary,SEL,1036,Chutine,1984,526,NA
Transboundary,SEL,1036,Chutine,1985,253,NA
Transboundary,SEL,1036,Chutine,1986,139,NA
Transboundary,SEL,1036,Chutine,1987,6,NA
Transboundary,SEL,1036,Chutine,1988,14,NA
Transboundary,SEL,1036,Chutine,1989,29,NA
Transboundary,SEL,1036,Chutine,1990,24,NA
Transboundary,SEL,1036,Chutine,1991,0,NA
Transboundary,SEL,1036,Chutine,1992,164,NA
Transboundary,SEL,1036,Chutine,1993,57,NA
Transboundary,SEL,1036,Chutine,1994,267,NA
Transboundary,SEL,1036,Chutine,1995,13,NA
Transboundary,SEL,1036,Chutine,1996,134,NA
Transboundary,SEL,1036,Chutine,1997,204,NA
Transboundary,SEL,1036,Chutine,1998,230,NA
Transboundary,SEL,1036,Chutine,1999,56,NA
Transboundary,SEL,1036,Chutine,2000,47,NA
Transboundary,SEL,1036,Chutine,2001,601,NA
Transboundary,SEL,1036,Chutine,2002,239,NA
Transboundary,SEL,1036,Chutine,2003,240,NA
Transboundary,SEL,1036,Chutine,2004,245,NA
Transboundary,SEL,1036,Chutine,2005,66,NA
Transboundary,SEL,1036,Chutine,2006,276,NA
Transboundary,SEL,1036,Chutine,2007,0,NA
Transboundary,SEL,1036,Chutine,2008,83,NA
Transboundary,SEL,1036,Chutine,2009,51,NA
Transboundary,SEL,1036,Chutine,2010,103,NA
Transboundary,SEL,1036,Chutine,2012,0,NA
Transboundary,SEL,1036,Chutine,2013,2,NA
Transboundary,SEL,1036,Chutine,2014,52,NA
Transboundary,SEL,1036,Chutine,2016,2,NA
Transboundary,SEL,1036,Chutine,2017,141,NA
Transboundary,SEL,1036,Chutine,2018,19,NA
Transboundary,SEL,1036,Chutine,2019,86,NA
Transboundary,SEL,1036,Chutine,2020,29,NA
Transboundary,SEL,1036,Chutine,2021,47,NA
Transboundary,SEL,1036,Chutine,2022,276,NA
Transboundary,SEL,1036,Chutine,2023,90,NA
Transboundary,SEL,1033,King Salmon,2004,5005,5005
Transboundary,SEL,1033,King Salmon,2005,1046,1046
Transboundary,SEL,1033,King Salmon,2006,2177,2177
Transboundary,SEL,1033,King Salmon,2007,5,5
Transboundary,SEL,1033,King Salmon,2008,888,888
Transboundary,SEL,1033,King Salmon,2009,1100,1100
Transboundary,SEL,1033,King Salmon,2010,2977,2977
Transboundary,SEL,1033,King Salmon,2011,2899,2899
Transboundary,SEL,1033,King Salmon,2012,6763,6763
Transboundary,SEL,1033,King Salmon,2013,470,470
Transboundary,SEL,1033,King Salmon,2014,910,910
Transboundary,SEL,1033,King Salmon,2015,1683,1683
Transboundary,SEL,1033,King Salmon,2016,6404,3378
Transboundary,SEL,1033,King Salmon,2017,439,439
Transboundary,SEL,1033,King Salmon,2018,3375,2471
Transboundary,SEL,1033,King Salmon,2019,4294,4294
Transboundary,SEL,1033,King Salmon,2020,17330,17330
Transboundary,SEL,1033,King Salmon,2021,6839,6839
Transboundary,SEL,1033,King Salmon,2022,9385,9385
Transboundary,SEL,1033,King Salmon,2023,2893,2893
Transboundary,SEL,1038,Klukshu,1976,7941,7941
Transboundary,SEL,1038,Klukshu,1977,15441,15441
Transboundary,SEL,1038,Klukshu,1978,19017,19017
Transboundary,SEL,1038,Klukshu,1979,7051,7051
Transboundary,SEL,1038,Klukshu,1980,10850,10850
Transboundary,SEL,1038,Klukshu,1981,18448,18448
Transboundary,SEL,1038,Klukshu,1982,28899,28899
Transboundary,SEL,1038,Klukshu,1983,18017,18017
Transboundary,SEL,1038,Klukshu,1984,10227,10227
Transboundary,SEL,1038,Klukshu,1985,17259,17259
Transboundary,SEL,1038,Klukshu,1986,22936,22936
Transboundary,SEL,1038,Klukshu,1987,9346,9346
Transboundary,SEL,1038,Klukshu,1988,7737,7737
Transboundary,SEL,1038,Klukshu,1989,21636,21636
Transboundary,SEL,1038,Klukshu,1990,24607,24607
Transboundary,SEL,1038,Klukshu,1991,17645,17645
Transboundary,SEL,1038,Klukshu,1992,18269,18269
Transboundary,SEL,1038,Klukshu,1993,14921,14921
Transboundary,SEL,1038,Klukshu,1994,13892,13892
Transboundary,SEL,1038,Klukshu,1995,19817,19817
Transboundary,SEL,1038,Klukshu,1996,7891,7891
Transboundary,SEL,1038,Klukshu,1997,11303,11303
Transboundary,SEL,1038,Klukshu,1998,13580,13580
Transboundary,SEL,1038,Klukshu,1999,5101,5101
Transboundary,SEL,1038,Klukshu,2000,5422,5422
Transboundary,SEL,1038,Klukshu,2001,9329,9329
Transboundary,SEL,1038,Klukshu,2002,23587,23587
Transboundary,SEL,1038,Klukshu,2003,32120,32120
Transboundary,SEL,1038,Klukshu,2004,13721,13721
Transboundary,SEL,1038,Klukshu,2005,3167,3167
Transboundary,SEL,1038,Klukshu,2006,12890,12890
Transboundary,SEL,1038,Klukshu,2007,8310,8310
Transboundary,SEL,1038,Klukshu,2008,2741,2741
Transboundary,SEL,1038,Klukshu,2009,5528,5528
Transboundary,SEL,1038,Klukshu,2010,18546,18546
Transboundary,SEL,1038,Klukshu,2011,20782,20782
Transboundary,SEL,1038,Klukshu,2012,17176,17176
Transboundary,SEL,1038,Klukshu,2013,3792,3792
Transboundary,SEL,1038,Klukshu,2014,12148,12148
Transboundary,SEL,1038,Klukshu,2015,11363,11363
Transboundary,SEL,1038,Klukshu,2016,7391,7391
Transboundary,SEL,1038,Klukshu,2017,3711,3711
Transboundary,SEL,1038,Klukshu,2018,7143,7143
Transboundary,SEL,1038,Klukshu,2019,18749,18749
Transboundary,SEL,1038,Klukshu,2020,4287,4287
Transboundary,SEL,1038,Klukshu,2021,25691,25691
Transboundary,SEL,1038,Klukshu,2022,29629,29629
Transboundary,SEL,1038,Klukshu,2023,13690,13690
Transboundary,SEL,1027,Kuthai,1980,1658,1658
Transboundary,SEL,1027,Kuthai,1981,2299,2299
Transboundary,SEL,1027,Kuthai,1992,1457,1457
Transboundary,SEL,1027,Kuthai,1993,6312,6312
Transboundary,SEL,1027,Kuthai,1994,5427,5427
Transboundary,SEL,1027,Kuthai,1995,3310,3310
Transboundary,SEL,1027,Kuthai,1996,4243,4243
Transboundary,SEL,1027,Kuthai,1997,5746,5746
Transboundary,SEL,1027,Kuthai,1998,1934,1934
Transboundary,SEL,1027,Kuthai,1999,10042,10042
Transboundary,SEL,1027,Kuthai,2000,4096,4096
Transboundary,SEL,1027,Kuthai,2001,1663,1663
Transboundary,SEL,1027,Kuthai,2002,7697,7697
Transboundary,SEL,1027,Kuthai,2003,7769,7769
Transboundary,SEL,1027,Kuthai,2004,1578,1578
Transboundary,SEL,1027,Kuthai,2005,6004,6004
Transboundary,SEL,1027,Kuthai,2006,1015,1015
Transboundary,SEL,1027,Kuthai,2007,204,204
Transboundary,SEL,1027,Kuthai,2008,1547,1547
Transboundary,SEL,1027,Kuthai,2009,1442,1442
Transboundary,SEL,1027,Kuthai,2010,1626,1626
Transboundary,SEL,1027,Kuthai,2011,811,811
Transboundary,SEL,1027,Kuthai,2012,182,182
Transboundary,SEL,1027,Kuthai,2013,1195,1195
Transboundary,SEL,1027,Kuthai,2014,208,208
Transboundary,SEL,1027,Kuthai,2015,341,341
Transboundary,SEL,1027,Kuthai,2016,1476,1476
Transboundary,SEL,1027,Kuthai,2017,299,299
Transboundary,SEL,1027,Kuthai,2018,13,13
Transboundary,SEL,1027,Kuthai,2019,605,605
Transboundary,SEL,1027,Kuthai,2020,4131,4131
Transboundary,SEL,1027,Kuthai,2021,26,26
Transboundary,SEL,1027,Kuthai,2022,1084,1084
Transboundary,SEL,1027,Kuthai,2023,125,125
Transboundary,SEL,1028,Little Trapper,1983,7402,7402
Transboundary,SEL,1028,Little Trapper,1984,13084,13084
Transboundary,SEL,1028,Little Trapper,1985,14889,14889
Transboundary,SEL,1028,Little Trapper,1986,13820,13820
Transboundary,SEL,1028,Little Trapper,1987,12007,12007
Transboundary,SEL,1028,Little Trapper,1988,10637,10637
Transboundary,SEL,1028,Little Trapper,1989,9606,9606
Transboundary,SEL,1028,Little Trapper,1990,7777,7777
Transboundary,SEL,1028,Little Trapper,1991,21001,21001
Transboundary,SEL,1028,Little Trapper,1992,12732,12732
Transboundary,SEL,1028,Little Trapper,1993,16685,16685
Transboundary,SEL,1028,Little Trapper,1994,12691,12691
Transboundary,SEL,1028,Little Trapper,1995,11524,11067
Transboundary,SEL,1028,Little Trapper,1996,5483,5292
Transboundary,SEL,1028,Little Trapper,1997,5924,5543
Transboundary,SEL,1028,Little Trapper,1998,8717,7698
Transboundary,SEL,1028,Little Trapper,1999,11805,11760
Transboundary,SEL,1028,Little Trapper,2000,11551,11551
Transboundary,SEL,1028,Little Trapper,2001,16860,16860
Transboundary,SEL,1028,Little Trapper,2002,7973,7973
Transboundary,SEL,1028,Little Trapper,2003,31227,31227
Transboundary,SEL,1028,Little Trapper,2004,9613,9613
Transboundary,SEL,1028,Little Trapper,2005,16009,16009
Transboundary,SEL,1028,Little Trapper,2006,24557,24557
Transboundary,SEL,1028,Little Trapper,2007,6340,6340
Transboundary,SEL,1028,Little Trapper,2008,2791,2791
Transboundary,SEL,1028,Little Trapper,2009,5443,5443
Transboundary,SEL,1028,Little Trapper,2010,3387,3084
Transboundary,SEL,1028,Little Trapper,2011,3809,3521
Transboundary,SEL,1028,Little Trapper,2012,10015,9522
Transboundary,SEL,1028,Little Trapper,2013,4840,4809
Transboundary,SEL,1028,Little Trapper,2014,6707,6707
Transboundary,SEL,1028,Little Trapper,2015,13253,13253
Transboundary,SEL,1028,Little Trapper,2016,7594,7594
Transboundary,SEL,1028,Little Trapper,2017,6376,6376
Transboundary,SEL,1028,Little Trapper,2018,8249,8249
Transboundary,SEL,1028,Little Trapper,2019,6140,6140
Transboundary,SEL,1028,Little Trapper,2020,7312,7001
Transboundary,SEL,1028,Little Trapper,2021,18913,18244
Transboundary,SEL,1028,Little Trapper,2022,9846,9452
Transboundary,SEL,1028,Little Trapper,2023,5558,5501
Transboundary,SEL,1039,Nesketahin,1986,1490,1490
Transboundary,SEL,1039,Nesketahin,1987,1875,1875
Transboundary,SEL,1039,Nesketahin,1988,433,433
Transboundary,SEL,1039,Nesketahin,1989,9569,9569
Transboundary,SEL,1039,Nesketahin,1990,5313,5313
Transboundary,SEL,1039,Nesketahin,1991,86,86
Transboundary,SEL,1039,Nesketahin,1992,7447,7447
Transboundary,SEL,1039,Nesketahin,1993,2104,2104
Transboundary,SEL,1039,Nesketahin,1994,3921,3921
Transboundary,SEL,1039,Nesketahin,1995,4042,4042
Transboundary,SEL,1039,Nesketahin,1996,1583,1583
Transboundary,SEL,1039,Nesketahin,1997,2267,2267
Transboundary,SEL,1039,Nesketahin,1998,826,826
Transboundary,SEL,1039,Nesketahin,2000,1860,1860
Transboundary,SEL,1039,Nesketahin,2001,1897,1897
Transboundary,SEL,1039,Nesketahin,2002,2765,2765
Transboundary,SEL,1039,Nesketahin,2003,2778,2778
Transboundary,SEL,1039,Nesketahin,2004,1968,1968
Transboundary,SEL,1039,Nesketahin,2005,1408,1408
Transboundary,SEL,1039,Nesketahin,2006,979,979
Transboundary,SEL,1039,Nesketahin,2007,10254,10254
Transboundary,SEL,1039,Nesketahin,2009,887,887
Transboundary,SEL,1039,Nesketahin,2010,2305,2305
Transboundary,SEL,1039,Nesketahin,2011,355,355
Transboundary,SEL,1039,Nesketahin,2012,1372,1372
Transboundary,SEL,1039,Nesketahin,2013,129,129
Transboundary,SEL,1039,Nesketahin,2014,189,189
Transboundary,SEL,1039,Nesketahin,2016,410,410
Transboundary,SEL,1039,Nesketahin,2017,240,240
Transboundary,SEL,1039,Nesketahin,2018,97,97
Transboundary,SEL,1039,Nesketahin,2019,1497,1497
Transboundary,SEL,1039,Nesketahin,2020,65,65
Transboundary,SEL,1039,Nesketahin,2021,685,685
Transboundary,SEL,1039,Nesketahin,2022,461,461
Transboundary,SEL,1039,Nesketahin,2023,285,285
Transboundary,SEL,1026,Tahltan,1959,4311,NA
Transboundary,SEL,1026,Tahltan,1960,6387,NA
Transboundary,SEL,1026,Tahltan,1961,16519,NA
Transboundary,SEL,1026,Tahltan,1962,14508,NA
Transboundary,SEL,1026,Tahltan,1963,1780,NA
Transboundary,SEL,1026,Tahltan,1964,18353,NA
Transboundary,SEL,1026,Tahltan,1965,1471,NA
Transboundary,SEL,1026,Tahltan,1966,21580,NA
Transboundary,SEL,1026,Tahltan,1967,38802,NA
Transboundary,SEL,1026,Tahltan,1968,19726,NA
Transboundary,SEL,1026,Tahltan,1969,11805,NA
Transboundary,SEL,1026,Tahltan,1970,8430,NA
Transboundary,SEL,1026,Tahltan,1971,18523,NA
Transboundary,SEL,1026,Tahltan,1972,52454,NA
Transboundary,SEL,1026,Tahltan,1973,2864,NA
Transboundary,SEL,1026,Tahltan,1974,8101,NA
Transboundary,SEL,1026,Tahltan,1975,8159,NA
Transboundary,SEL,1026,Tahltan,1976,24111,NA
Transboundary,SEL,1026,Tahltan,1977,42960,NA
Transboundary,SEL,1026,Tahltan,1978,22788,NA
Transboundary,SEL,1026,Tahltan,1979,10211,NA
Transboundary,SEL,1026,Tahltan,1980,11018,NA
Transboundary,SEL,1026,Tahltan,1981,50790,NA
Transboundary,SEL,1026,Tahltan,1982,28257,NA
Transboundary,SEL,1026,Tahltan,1983,21256,NA
Transboundary,SEL,1026,Tahltan,1984,32777,NA
Transboundary,SEL,1026,Tahltan,1985,67326,NA
Transboundary,SEL,1026,Tahltan,1986,20280,NA
Transboundary,SEL,1026,Tahltan,1987,6958,NA
Transboundary,SEL,1026,Tahltan,1988,2536,NA
Transboundary,SEL,1026,Tahltan,1989,8316,NA
Transboundary,SEL,1026,Tahltan,1990,14927,NA
Transboundary,SEL,1026,Tahltan,1991,50135,NA
Transboundary,SEL,1026,Tahltan,1992,59907,NA
Transboundary,SEL,1026,Tahltan,1993,51610,NA
Transboundary,SEL,1026,Tahltan,1994,39511,32762
Transboundary,SEL,1026,Tahltan,1995,31577,19640
Transboundary,SEL,1026,Tahltan,1996,38161,33712
Transboundary,SEL,1026,Tahltan,1997,12105,9660
Transboundary,SEL,1026,Tahltan,1998,12268,11577
Transboundary,SEL,1026,Tahltan,1999,10319,9629
Transboundary,SEL,1026,Tahltan,2000,5670,4522
Transboundary,SEL,1026,Tahltan,2001,14761,8916
Transboundary,SEL,1026,Tahltan,2002,17340,12243
Transboundary,SEL,1026,Tahltan,2003,53533,30113
Transboundary,SEL,1026,Tahltan,2004,62952,31708
Transboundary,SEL,1026,Tahltan,2005,43046,25276
Transboundary,SEL,1026,Tahltan,2006,53455,27683
Transboundary,SEL,1026,Tahltan,2007,20874,11993
Transboundary,SEL,1026,Tahltan,2008,10416,5121
Transboundary,SEL,1026,Tahltan,2009,30324,25353
Transboundary,SEL,1026,Tahltan,2010,22702,13106
Transboundary,SEL,1026,Tahltan,2011,34248,22231
Transboundary,SEL,1026,Tahltan,2012,13463,7699
Transboundary,SEL,1026,Tahltan,2013,15828,7802
Transboundary,SEL,1026,Tahltan,2014,39745,20747
Transboundary,SEL,1026,Tahltan,2015,33159,16955
Transboundary,SEL,1026,Tahltan,2016,38458,23544
Transboundary,SEL,1026,Tahltan,2017,19241,9197
Transboundary,SEL,1026,Tahltan,2018,16350,8204
Transboundary,SEL,1026,Tahltan,2019,36787,16467
Transboundary,SEL,1026,Tahltan,2020,11158,4681
Transboundary,SEL,1026,Tahltan,2021,42846,15382
Transboundary,SEL,1026,Tahltan,2022,52772,10819
Transboundary,SEL,1026,Tahltan,2023,37359,11170
Transboundary,SEL,1029,Tatsamenie,1985,13093,NA
Transboundary,SEL,1029,Tatsamenie,1986,11446,NA
Transboundary,SEL,1029,Tatsamenie,1987,2794,NA
Transboundary,SEL,1029,Tatsamenie,1988,2063,NA
Transboundary,SEL,1029,Tatsamenie,1989,3039,NA
Transboundary,SEL,1029,Tatsamenie,1990,5736,NA
Transboundary,SEL,1029,Tatsamenie,1991,8381,NA
Transboundary,SEL,1029,Tatsamenie,1992,6576,NA
Transboundary,SEL,1029,Tatsamenie,1993,5028,NA
Transboundary,SEL,1029,Tatsamenie,1994,4371,NA
Transboundary,SEL,1029,Tatsamenie,1995,4387,3443
Transboundary,SEL,1029,Tatsamenie,1996,8026,7682
Transboundary,SEL,1029,Tatsamenie,1997,5981,5815
Transboundary,SEL,1029,Tatsamenie,1998,4735,4628
Transboundary,SEL,1029,Tatsamenie,1999,1888,1855
Transboundary,SEL,1029,Tatsamenie,2000,5570,4835
Transboundary,SEL,1029,Tatsamenie,2001,19579,16324
Transboundary,SEL,1029,Tatsamenie,2002,4379,3854
Transboundary,SEL,1029,Tatsamenie,2003,2965,2085
Transboundary,SEL,1029,Tatsamenie,2004,1357,860
Transboundary,SEL,1029,Tatsamenie,2005,2445,1960
Transboundary,SEL,1029,Tatsamenie,2006,19820,17623
Transboundary,SEL,1029,Tatsamenie,2007,8384,5995
Transboundary,SEL,1029,Tatsamenie,2008,6176,3309
Transboundary,SEL,1029,Tatsamenie,2009,1292,1067
Transboundary,SEL,1029,Tatsamenie,2010,2113,1688
Transboundary,SEL,1029,Tatsamenie,2011,6580,4848
Transboundary,SEL,1029,Tatsamenie,2012,14305,8583
Transboundary,SEL,1029,Tatsamenie,2013,8946,4844
Transboundary,SEL,1029,Tatsamenie,2014,1348,776
Transboundary,SEL,1029,Tatsamenie,2015,939,530
Transboundary,SEL,1029,Tatsamenie,2016,31434,25666
Transboundary,SEL,1029,Tatsamenie,2017,25697,20778
Transboundary,SEL,1029,Tatsamenie,2018,3782,2688
Transboundary,SEL,1029,Tatsamenie,2019,2508,1307
Transboundary,SEL,1029,Tatsamenie,2020,2506,1937
Transboundary,SEL,1029,Tatsamenie,2021,23906,17458
Transboundary,SEL,1029,Tatsamenie,2022,20902,14475
Transboundary,SEL,1029,Tatsamenie,2023,10566,5680
Transboundary,SER,1021,Alsek (river-type),2000,37142,NA
Transboundary,SER,1021,Alsek (river-type),2001,29987,NA
Transboundary,SER,1021,Alsek (river-type),2002,93172,NA
Transboundary,SER,1021,Alsek (river-type),2003,100712,NA
Transboundary,SER,1021,Alsek (river-type),2004,81581,NA
Transboundary,SER,1021,Alsek (river-type),2005,57223,NA
Transboundary,SER,1021,Alsek (river-type),2006,47574,NA
Transboundary,SER,1021,Alsek (river-type),2011,83899,NA
Transboundary,SER,1021,Alsek (river-type),2012,76598,NA
Transboundary,SER,1021,Alsek (river-type),2013,83771,NA
Transboundary,SER,1021,Alsek (river-type),2014,87093,NA
Transboundary,SER,1021,Alsek (river-type),2015,63709,NA
Transboundary,SER,1021,Alsek (river-type),2016,58836,NA
Transboundary,SER,1021,Alsek (river-type),2017,101564,NA
Transboundary,SER,1021,Alsek (river-type),2019,81883,NA
Transboundary,SER,1021,Alsek (river-type),2020,13071,NA
Transboundary,SER,1021,Alsek (river-type),2021,99798,NA
Transboundary,SER,1021,Alsek (river-type),2022,134418,NA
Transboundary,SER,1021,Alsek (river-type),2023,39229,NA
Transboundary,SER,1023,Northern Transboundary Fjords (river-type),1979,16608,NA
Transboundary,SER,1023,Northern Transboundary Fjords (river-type),1980,30806,NA
Transboundary,SER,1023,Northern Transboundary Fjords (river-type),1981,61072,NA
Transboundary,SER,1023,Northern Transboundary Fjords (river-type),1982,19964,NA
Transboundary,SER,1023,Northern Transboundary Fjords (river-type),1983,29307,NA
Transboundary,SER,1023,Northern Transboundary Fjords (river-type),1984,39687,NA
Transboundary,SER,1023,Northern Transboundary Fjords (river-type),1985,94499,NA
Transboundary,SER,1023,Northern Transboundary Fjords (river-type),1986,33045,NA
Transboundary,SER,1023,Northern Transboundary Fjords (river-type),1987,22955,NA
Transboundary,SER,1023,Northern Transboundary Fjords (river-type),1988,24349,NA
Transboundary,SER,1023,Northern Transboundary Fjords (river-type),1989,46981,NA
Transboundary,SER,1023,Northern Transboundary Fjords (river-type),1990,26646,NA
Transboundary,SER,1023,Northern Transboundary Fjords (river-type),1991,45787,NA
Transboundary,SER,1023,Northern Transboundary Fjords (river-type),1992,67361,NA
Transboundary,SER,1023,Northern Transboundary Fjords (river-type),1993,75062,NA
Transboundary,SER,1023,Northern Transboundary Fjords (river-type),1994,36418,NA
Transboundary,SER,1023,Northern Transboundary Fjords (river-type),1995,48184,NA
Transboundary,SER,1023,Northern Transboundary Fjords (river-type),1996,59565,NA
Transboundary,SER,1023,Northern Transboundary Fjords (river-type),1997,47668,NA
Transboundary,SER,1023,Northern Transboundary Fjords (river-type),1998,28713,NA
Transboundary,SER,1023,Northern Transboundary Fjords (river-type),1999,10077,NA
Transboundary,SER,1023,Northern Transboundary Fjords (river-type),2000,10426,NA
Transboundary,SER,1023,Northern Transboundary Fjords (river-type),2001,44707,NA
Transboundary,SER,1023,Northern Transboundary Fjords (river-type),2002,27831,NA
Transboundary,SER,1023,Northern Transboundary Fjords (river-type),2003,58336,NA
Transboundary,SER,1023,Northern Transboundary Fjords (river-type),2004,83882,NA
Transboundary,SER,1023,Northern Transboundary Fjords (river-type),2005,77568,NA
Transboundary,SER,1023,Northern Transboundary Fjords (river-type),2006,90148,NA
Transboundary,SER,1023,Northern Transboundary Fjords (river-type),2007,63683,NA
Transboundary,SER,1023,Northern Transboundary Fjords (river-type),2008,59778,NA
Transboundary,SER,1023,Northern Transboundary Fjords (river-type),2009,55641,NA
Transboundary,SER,1023,Northern Transboundary Fjords (river-type),2010,74428,NA
Transboundary,SER,1023,Northern Transboundary Fjords (river-type),2011,71567,NA
Transboundary,SER,1023,Northern Transboundary Fjords (river-type),2012,73669,NA
Transboundary,SER,1023,Northern Transboundary Fjords (river-type),2013,73991,NA
Transboundary,SER,1023,Northern Transboundary Fjords (river-type),2014,60939,NA
Transboundary,SER,1023,Northern Transboundary Fjords (river-type),2015,92275,NA
Transboundary,SER,1023,Northern Transboundary Fjords (river-type),2016,88995,NA
Transboundary,SER,1023,Northern Transboundary Fjords (river-type),2017,38028,NA
Transboundary,SER,1023,Northern Transboundary Fjords (river-type),2018,62380,NA
Transboundary,SER,1023,Northern Transboundary Fjords (river-type),2019,90239,NA
Transboundary,SER,1023,Northern Transboundary Fjords (river-type),2020,75514,NA
Transboundary,SER,1023,Northern Transboundary Fjords (river-type),2021,143806,NA
Transboundary,SER,1023,Northern Transboundary Fjords (river-type),2022,94959,NA
Transboundary,SER,1023,Northern Transboundary Fjords (river-type),2023,101061,NA
Transboundary,SH,1081,Taku Summer,1987,34,NA
Transboundary,SH,1081,Taku Summer,1988,34,NA
Transboundary,SH,1081,Taku Summer,1989,38,NA
Transboundary,SH,1081,Taku Summer,1990,43,NA
Transboundary,SH,1081,Taku Summer,1991,138,NA
Transboundary,SH,1081,Taku Summer,1992,22,NA
Transboundary,SH,1081,Taku Summer,1993,16,NA
Transboundary,SH,1081,Taku Summer,1994,107,NA
Transboundary,SH,1081,Taku Summer,1995,61,NA
Transboundary,SH,1081,Taku Summer,1996,68,NA
Transboundary,SH,1081,Taku Summer,1997,103,NA
Transboundary,SH,1081,Taku Summer,1998,119,NA
Transboundary,SH,1081,Taku Summer,1999,119,NA
Transboundary,SH,1081,Taku Summer,2000,160,NA
Transboundary,SH,1081,Taku Summer,2001,125,NA
Transboundary,SH,1081,Taku Summer,2002,87,NA
Transboundary,SH,1081,Taku Summer,2003,93,NA
Transboundary,SH,1081,Taku Summer,2004,63,NA
Transboundary,SH,1081,Taku Summer,2005,79,NA
Transboundary,SH,1081,Taku Summer,2006,47,NA
Transboundary,SH,1081,Taku Summer,2007,57,NA
Transboundary,SH,1081,Taku Summer,2009,52,NA
Transboundary,SH,1081,Taku Summer,2010,176,NA
Transboundary,SH,1081,Taku Summer,2011,93,NA
Transboundary,SH,1081,Taku Summer,2012,24,NA
Transboundary,SH,1081,Taku Summer,2013,11,NA
Transboundary,SH,1081,Taku Summer,2015,47,NA
Transboundary,SH,1081,Taku Summer,2018,12,NA
Transboundary,SH,1081,Taku Summer,2023,9,NA
