species_abbr,cuid,cu_name_pse,year,observed_spawners,estimated_spawners,estimated_spawners_plus
CK,1004,Alsek,1976,1153,5282,NA
CK,1004,Alsek,1977,2894,12706,NA
CK,1004,Alsek,1978,2676,12034,NA
CK,1004,Alsek,1979,2454,17354,NA
CK,1004,Alsek,1980,2487,10718,NA
CK,1004,Alsek,1981,1963,8587,NA
CK,1004,Alsek,1982,1969,9584,NA
CK,1004,Alsek,1983,2237,10344,NA
CK,1004,Alsek,1984,2062,7213,NA
CK,1004,Alsek,1985,1699,6087,NA
CK,1004,Alsek,1986,3663,11069,NA
CK,1004,Alsek,1987,3595,11276,NA
CK,1004,Alsek,1988,2654,8852,NA
CK,1004,Alsek,1989,2481,10178,NA
CK,1004,Alsek,1990,2099,8775,NA
CK,1004,Alsek,1991,2518,11667,NA
CK,1004,Alsek,1992,1421,5773,NA
CK,1004,Alsek,1993,3947,13917,NA
CK,1004,Alsek,1994,4386,15970,NA
CK,1004,Alsek,1995,5992,24772,NA
CK,1004,Alsek,1996,3756,15922,NA
CK,1004,Alsek,1997,3128,12494,NA
CK,1004,Alsek,1998,8426,6833,NA
CK,1004,Alsek,1999,17399,14615,NA
CK,1004,Alsek,2000,9574,7905,NA
CK,1004,Alsek,2001,9294,6705,NA
CK,1004,Alsek,2002,8360,5569,NA
CK,1004,Alsek,2003,7807,5904,NA
CK,1004,Alsek,2004,9658,7083,NA
CK,1004,Alsek,2005,1129,4390,NA
CK,1004,Alsek,2006,701,2321,NA
CK,1004,Alsek,2007,792,2827,NA
CK,1004,Alsek,2008,583,1885,NA
CK,1004,Alsek,2009,1518,6239,NA
CK,1004,Alsek,2010,2259,9526,NA
CK,1004,Alsek,2011,1610,6850,NA
CK,1004,Alsek,2012,693,3027,NA
CK,1004,Alsek,2013,1227,4992,NA
CK,1004,Alsek,2014,832,3357,NA
CK,1004,Alsek,2015,1388,5697,NA
CK,1004,Alsek,2016,646,2514,NA
CK,1004,Alsek,2017,443,1741,NA
CK,1004,Alsek,2018,1087,4348,NA
CK,1004,Alsek,2019,1573,6319,NA
CK,1004,Alsek,2020,1316,5330,NA
CK,1004,Alsek,2021,1384,5562,NA
CK,1004,Alsek,2022,934,3750,NA
CK,1004,Alsek,2023,1053,4234,NA
CK,1005,Lynn Canal,1981,69,NA,NA
CK,1005,Lynn Canal,1982,123,NA,NA
CK,1005,Lynn Canal,1983,126,NA,NA
CK,1005,Lynn Canal,1984,104,NA,NA
CK,1005,Lynn Canal,1985,50,NA,NA
CK,1005,Lynn Canal,1986,9,NA,NA
CK,1005,Lynn Canal,1987,190,NA,NA
CK,1005,Lynn Canal,1988,89,NA,NA
CK,1005,Lynn Canal,1989,231,NA,NA
CK,1005,Lynn Canal,1990,42,NA,NA
CK,1005,Lynn Canal,1991,126,NA,NA
CK,1010,Stikine-Early Timing,1975,275,NA,NA
CK,1010,Stikine-Early Timing,1979,2118,NA,NA
CK,1010,Stikine-Early Timing,1980,1082,NA,NA
CK,1010,Stikine-Early Timing,1981,2410,NA,NA
CK,1010,Stikine-Early Timing,1982,2257,NA,NA
CK,1010,Stikine-Early Timing,1983,536,NA,NA
CK,1010,Stikine-Early Timing,1984,126,NA,NA
CK,1010,Stikine-Early Timing,1985,4751,NA,NA
CK,1010,Stikine-Early Timing,1986,4474,NA,NA
CK,1010,Stikine-Early Timing,1987,6485,NA,NA
CK,1010,Stikine-Early Timing,1988,12269,NA,NA
CK,1010,Stikine-Early Timing,1989,5077,NA,NA
CK,1010,Stikine-Early Timing,1990,6797,NA,NA
CK,1010,Stikine-Early Timing,1991,7144,NA,NA
CK,1010,Stikine-Early Timing,1992,8868,NA,NA
CK,1010,Stikine-Early Timing,1993,14443,NA,NA
CK,1010,Stikine-Early Timing,1994,6557,NA,NA
CK,1010,Stikine-Early Timing,1995,3920,NA,NA
CK,1010,Stikine-Early Timing,1996,5811,NA,NA
CK,1010,Stikine-Early Timing,1997,6025,NA,NA
CK,1010,Stikine-Early Timing,1998,5585,NA,NA
CK,1010,Stikine-Early Timing,1999,4733,NA,NA
CK,1010,Stikine-Early Timing,2000,6631,NA,NA
CK,1010,Stikine-Early Timing,2001,9730,NA,NA
CK,1010,Stikine-Early Timing,2002,7476,NA,NA
CK,1010,Stikine-Early Timing,2003,6492,NA,NA
CK,1010,Stikine-Early Timing,2004,16381,NA,NA
CK,1010,Stikine-Early Timing,2005,7387,NA,NA
CK,1010,Stikine-Early Timing,2006,3860,NA,NA
CK,1010,Stikine-Early Timing,2007,562,NA,NA
CK,1010,Stikine-Early Timing,2008,2663,NA,NA
CK,1010,Stikine-Early Timing,2009,2245,NA,NA
CK,1010,Stikine-Early Timing,2010,1057,NA,NA
CK,1010,Stikine-Early Timing,2011,1753,NA,NA
CK,1010,Stikine-Early Timing,2012,720,NA,NA
CK,1010,Stikine-Early Timing,2013,878,NA,NA
CK,1010,Stikine-Early Timing,2014,698,NA,NA
CK,1010,Stikine-Early Timing,2015,533,NA,NA
CK,1010,Stikine-Early Timing,2016,1041,NA,NA
CK,1010,Stikine-Early Timing,2017,492,NA,NA
CK,1010,Stikine-Early Timing,2018,470,NA,NA
CK,1010,Stikine-Early Timing,2019,556,NA,NA
CK,1010,Stikine-Early Timing,2020,347,NA,NA
CK,1010,Stikine-Early Timing,2021,1083,NA,NA
CK,1010,Stikine-Early Timing,2022,687,NA,NA
CK,1010,Stikine-Early Timing,2023,363,NA,NA
CK,1011,Stikine-Late Timing,1977,290,NA,NA
CK,1011,Stikine-Late Timing,1979,2118,NA,NA
CK,1011,Stikine-Late Timing,1980,1960,NA,NA
CK,1011,Stikine-Late Timing,1981,1852,NA,NA
CK,1011,Stikine-Late Timing,1982,1690,NA,NA
CK,1011,Stikine-Late Timing,1983,453,NA,NA
CK,1011,Stikine-Late Timing,1985,1490,NA,NA
CK,1011,Stikine-Late Timing,1986,1400,NA,NA
CK,1011,Stikine-Late Timing,1987,1390,NA,NA
CK,1011,Stikine-Late Timing,1988,4384,NA,NA
CK,1011,Stikine-Late Timing,1990,2134,NA,NA
CK,1011,Stikine-Late Timing,1991,2445,NA,NA
CK,1011,Stikine-Late Timing,1992,1891,NA,NA
CK,1011,Stikine-Late Timing,1993,4010,NA,NA
CK,1011,Stikine-Late Timing,1994,2422,NA,NA
CK,1011,Stikine-Late Timing,1995,696,NA,NA
CK,1011,Stikine-Late Timing,1996,772,NA,NA
CK,1011,Stikine-Late Timing,1997,260,NA,NA
CK,1011,Stikine-Late Timing,1998,587,NA,NA
CK,1006,Taku-Early Timing,1975,289,NA,NA
CK,1006,Taku-Early Timing,1976,765,NA,NA
CK,1006,Taku-Early Timing,1977,668,NA,NA
CK,1006,Taku-Early Timing,1978,645,NA,NA
CK,1006,Taku-Early Timing,1979,866,NA,NA
CK,1006,Taku-Early Timing,1980,1689,NA,NA
CK,1006,Taku-Early Timing,1981,3277,NA,NA
CK,1006,Taku-Early Timing,1982,1604,NA,NA
CK,1006,Taku-Early Timing,1983,687,NA,NA
CK,1006,Taku-Early Timing,1984,1127,NA,NA
CK,1006,Taku-Early Timing,1985,3014,NA,NA
CK,1006,Taku-Early Timing,1986,2218,NA,NA
CK,1006,Taku-Early Timing,1987,1589,NA,NA
CK,1006,Taku-Early Timing,1988,1844,NA,NA
CK,1006,Taku-Early Timing,1989,2510,NA,NA
CK,1006,Taku-Early Timing,1990,2650,NA,NA
CK,1006,Taku-Early Timing,1991,2809,NA,NA
CK,1006,Taku-Early Timing,1992,2902,NA,NA
CK,1006,Taku-Early Timing,1993,3639,NA,NA
CK,1006,Taku-Early Timing,1994,3605,NA,NA
CK,1006,Taku-Early Timing,1995,3586,NA,NA
CK,1006,Taku-Early Timing,1996,8426,NA,NA
CK,1006,Taku-Early Timing,1997,5246,NA,NA
CK,1006,Taku-Early Timing,1998,2461,NA,NA
CK,1006,Taku-Early Timing,1999,1280,NA,NA
CK,1006,Taku-Early Timing,2000,1370,NA,NA
CK,1006,Taku-Early Timing,2001,1616,NA,NA
CK,1006,Taku-Early Timing,2002,2125,NA,NA
CK,1006,Taku-Early Timing,2003,1941,NA,NA
CK,1006,Taku-Early Timing,2004,3729,NA,NA
CK,1006,Taku-Early Timing,2005,1004,NA,NA
CK,1006,Taku-Early Timing,2006,1549,NA,NA
CK,1006,Taku-Early Timing,2007,480,NA,NA
CK,1006,Taku-Early Timing,2008,2098,NA,NA
CK,1006,Taku-Early Timing,2009,1450,NA,NA
CK,1006,Taku-Early Timing,2010,1707,NA,NA
CK,1006,Taku-Early Timing,2011,1237,NA,NA
CK,1006,Taku-Early Timing,2012,852,NA,NA
CK,1006,Taku-Early Timing,2013,693,NA,NA
CK,1006,Taku-Early Timing,2014,497,NA,NA
CK,1006,Taku-Early Timing,2015,901,NA,NA
CK,1006,Taku-Early Timing,2016,535,NA,NA
CK,1006,Taku-Early Timing,2017,171,NA,NA
CK,1006,Taku-Early Timing,2018,631,NA,NA
CK,1006,Taku-Early Timing,2019,1231,NA,NA
CK,1006,Taku-Early Timing,2020,505,NA,NA
CK,1006,Taku-Early Timing,2021,245,NA,NA
CK,1006,Taku-Early Timing,2022,543,NA,NA
CK,1006,Taku-Early Timing,2023,865,NA,NA
CK,1008,Taku-Late Timing,1976,961,NA,NA
CK,1008,Taku-Late Timing,1977,1153,NA,NA
CK,1008,Taku-Late Timing,1978,1040,NA,NA
CK,1008,Taku-Late Timing,1979,1180,NA,NA
CK,1008,Taku-Late Timing,1980,1355,NA,NA
CK,1008,Taku-Late Timing,1981,1399,NA,NA
CK,1008,Taku-Late Timing,1982,676,NA,NA
CK,1008,Taku-Late Timing,1983,407,NA,NA
CK,1008,Taku-Late Timing,1984,895,NA,NA
CK,1008,Taku-Late Timing,1985,1981,NA,NA
CK,1008,Taku-Late Timing,1986,2077,NA,NA
CK,1008,Taku-Late Timing,1987,1330,NA,NA
CK,1008,Taku-Late Timing,1988,3303,NA,NA
CK,1008,Taku-Late Timing,1989,2344,NA,NA
CK,1008,Taku-Late Timing,1990,1682,NA,NA
CK,1008,Taku-Late Timing,1991,1734,NA,NA
CK,1008,Taku-Late Timing,1992,2406,NA,NA
CK,1008,Taku-Late Timing,1993,3075,NA,NA
CK,1008,Taku-Late Timing,1994,1516,NA,NA
CK,1008,Taku-Late Timing,1995,1228,NA,NA
CK,1008,Taku-Late Timing,1996,3631,NA,NA
CK,1008,Taku-Late Timing,1997,2508,NA,NA
CK,1008,Taku-Late Timing,1998,1148,NA,NA
CK,1008,Taku-Late Timing,1999,992,NA,NA
CK,1008,Taku-Late Timing,2000,1655,NA,NA
CK,1008,Taku-Late Timing,2001,2074,NA,NA
CK,1008,Taku-Late Timing,2002,2090,NA,NA
CK,1008,Taku-Late Timing,2003,1850,NA,NA
CK,1008,Taku-Late Timing,2004,2224,NA,NA
CK,1008,Taku-Late Timing,2005,1979,NA,NA
CK,1008,Taku-Late Timing,2006,2088,NA,NA
CK,1008,Taku-Late Timing,2007,652,NA,NA
CK,1008,Taku-Late Timing,2008,1773,NA,NA
CK,1008,Taku-Late Timing,2009,1041,NA,NA
CK,1008,Taku-Late Timing,2010,1537,NA,NA
CK,1008,Taku-Late Timing,2011,1294,NA,NA
CK,1008,Taku-Late Timing,2012,1062,NA,NA
CK,1008,Taku-Late Timing,2013,1146,NA,NA
CK,1008,Taku-Late Timing,2014,760,NA,NA
CK,1008,Taku-Late Timing,2015,1056,NA,NA
CK,1008,Taku-Late Timing,2016,395,NA,NA
CK,1008,Taku-Late Timing,2017,451,NA,NA
CK,1008,Taku-Late Timing,2018,323,NA,NA
CK,1008,Taku-Late Timing,2019,691,NA,NA
CK,1008,Taku-Late Timing,2020,895,NA,NA
CK,1008,Taku-Late Timing,2021,902,NA,NA
CK,1008,Taku-Late Timing,2022,952,NA,NA
CK,1008,Taku-Late Timing,2023,1121,NA,NA
CK,1007,Taku-Mid Timing,1975,1800,NA,NA
CK,1007,Taku-Mid Timing,1976,3000,NA,NA
CK,1007,Taku-Mid Timing,1977,3850,NA,NA
CK,1007,Taku-Mid Timing,1978,1620,NA,NA
CK,1007,Taku-Mid Timing,1979,2110,NA,NA
CK,1007,Taku-Mid Timing,1980,4500,NA,NA
CK,1007,Taku-Mid Timing,1981,5110,NA,NA
CK,1007,Taku-Mid Timing,1982,2533,NA,NA
CK,1007,Taku-Mid Timing,1983,968,NA,NA
CK,1007,Taku-Mid Timing,1984,1887,NA,NA
CK,1007,Taku-Mid Timing,1985,2647,NA,NA
CK,1007,Taku-Mid Timing,1986,3868,NA,NA
CK,1007,Taku-Mid Timing,1987,2906,NA,NA
CK,1007,Taku-Mid Timing,1988,4500,NA,NA
CK,1007,Taku-Mid Timing,1989,5141,NA,NA
CK,1007,Taku-Mid Timing,1990,7917,NA,NA
CK,1007,Taku-Mid Timing,1991,5610,NA,NA
CK,1007,Taku-Mid Timing,1992,5750,NA,NA
CK,1007,Taku-Mid Timing,1993,6490,NA,NA
CK,1007,Taku-Mid Timing,1994,4792,NA,NA
CK,1007,Taku-Mid Timing,1995,3943,NA,NA
CK,1007,Taku-Mid Timing,1996,7720,NA,NA
CK,1007,Taku-Mid Timing,1997,6095,NA,NA
CK,1007,Taku-Mid Timing,1998,2720,NA,NA
CK,1007,Taku-Mid Timing,1999,1900,NA,NA
CK,1007,Taku-Mid Timing,2000,2907,NA,NA
CK,1007,Taku-Mid Timing,2001,1552,NA,NA
CK,1007,Taku-Mid Timing,2002,4066,NA,NA
CK,1007,Taku-Mid Timing,2003,2126,NA,NA
CK,1007,Taku-Mid Timing,2004,4091,NA,NA
CK,1007,Taku-Mid Timing,2005,1213,NA,NA
CK,1007,Taku-Mid Timing,2006,1900,NA,NA
CK,1007,Taku-Mid Timing,2008,1437,NA,NA
CK,1007,Taku-Mid Timing,2009,1698,NA,NA
CK,1007,Taku-Mid Timing,2010,1730,NA,NA
CK,1007,Taku-Mid Timing,2011,1380,NA,NA
CK,1007,Taku-Mid Timing,2012,1300,NA,NA
CK,1007,Taku-Mid Timing,2013,1623,NA,NA
CK,1007,Taku-Mid Timing,2014,1040,NA,NA
CK,1007,Taku-Mid Timing,2015,1340,NA,NA
CK,1007,Taku-Mid Timing,2016,800,NA,NA
CK,1007,Taku-Mid Timing,2017,301,NA,NA
CK,1007,Taku-Mid Timing,2018,765,NA,NA
CK,1007,Taku-Mid Timing,2019,1070,NA,NA
CK,1007,Taku-Mid Timing,2020,1249,NA,NA
CK,1007,Taku-Mid Timing,2021,1034,NA,NA
CK,1007,Taku-Mid Timing,2022,1263,NA,NA
CK,1007,Taku-Mid Timing,2023,1542,NA,NA
CM,1001,Taku,1984,316,NA,NA
CM,1001,Taku,1985,1376,NA,NA
CM,1001,Taku,1986,80,NA,NA
CM,1001,Taku,1987,1533,NA,NA
CM,1001,Taku,1988,1089,NA,NA
CM,1001,Taku,1989,645,NA,NA
CM,1001,Taku,1990,748,NA,NA
CM,1001,Taku,1991,1063,NA,NA
CM,1001,Taku,1992,189,NA,NA
CM,1001,Taku,1993,345,NA,NA
CM,1001,Taku,1994,367,NA,NA
CM,1001,Taku,1995,218,NA,NA
CM,1001,Taku,1996,388,NA,NA
CM,1001,Taku,1997,485,NA,NA
CM,1001,Taku,1998,179,NA,NA
CM,1001,Taku,1999,164,NA,NA
CM,1001,Taku,2000,423,NA,NA
CM,1001,Taku,2001,250,NA,NA
CM,1001,Taku,2002,205,NA,NA
CM,1001,Taku,2003,268,NA,NA
CM,1001,Taku,2004,414,NA,NA
CM,1001,Taku,2005,258,NA,NA
CM,1001,Taku,2006,466,NA,NA
CM,1001,Taku,2007,482,NA,NA
CM,1001,Taku,2008,350,NA,NA
CM,1001,Taku,2009,231,NA,NA
CM,1001,Taku,2010,94,NA,NA
CM,1001,Taku,2011,177,NA,NA
CM,1001,Taku,2012,232,NA,NA
CM,1001,Taku,2013,269,NA,NA
CM,1001,Taku,2014,310,NA,NA
CM,1001,Taku,2015,95,NA,NA
CM,1001,Taku,2016,66,NA,NA
CM,1001,Taku,2017,236,NA,NA
CM,1001,Taku,2018,32,NA,NA
CM,1001,Taku,2019,118,NA,NA
CM,1001,Taku,2020,44,NA,NA
CM,1001,Taku,2021,29,NA,NA
CM,1001,Taku,2022,150,NA,NA
CM,1001,Taku,2023,61,NA,NA
CO,1013,Alsek,1991,8478,NA,NA
CO,1013,Alsek,1992,1145,NA,NA
CO,1013,Alsek,1993,788,NA,NA
CO,1013,Alsek,1994,1232,NA,NA
CO,1013,Alsek,1995,3564,NA,NA
CO,1013,Alsek,1996,3465,NA,NA
CO,1013,Alsek,1997,302,NA,NA
CO,1013,Alsek,1998,1961,NA,NA
CO,1013,Alsek,1999,2531,NA,NA
CO,1013,Alsek,2000,4791,NA,NA
CO,1013,Alsek,2001,746,NA,NA
CO,1013,Alsek,2002,9921,NA,NA
CO,1013,Alsek,2003,3689,NA,NA
CO,1013,Alsek,2004,750,NA,NA
CO,1013,Alsek,2005,663,NA,NA
CO,1013,Alsek,2006,420,NA,NA
CO,1013,Alsek,2007,299,NA,NA
CO,1013,Alsek,2008,4249,NA,NA
CO,1013,Alsek,2009,421,NA,NA
CO,1013,Alsek,2010,2361,NA,NA
CO,1013,Alsek,2011,2110,NA,NA
CO,1013,Alsek,2012,1272,NA,NA
CO,1013,Alsek,2013,7322,NA,NA
CO,1013,Alsek,2014,341,NA,NA
CO,1013,Alsek,2015,1810,NA,NA
CO,1013,Alsek,2016,2141,NA,NA
CO,1013,Alsek,2017,966,NA,NA
CO,1013,Alsek,2018,728,NA,NA
CO,1013,Alsek,2019,2180,NA,NA
CO,1013,Alsek,2020,3869,NA,NA
CO,1013,Alsek,2021,3559,NA,NA
CO,1013,Alsek,2022,971,NA,NA
CO,1013,Alsek,2023,11667,NA,NA
CO,1017,Lower Stikine,1984,517,NA,NA
CO,1017,Lower Stikine,1985,3870,NA,NA
CO,1017,Lower Stikine,1988,584,NA,NA
CO,1017,Lower Stikine,1989,4044,NA,NA
CO,1017,Lower Stikine,1990,3040,NA,NA
CO,1017,Lower Stikine,1991,2956,NA,NA
CO,1017,Lower Stikine,1992,3688,NA,NA
CO,1017,Lower Stikine,1993,530,NA,NA
CO,1017,Lower Stikine,1994,3725,NA,NA
CO,1017,Lower Stikine,1995,3752,NA,NA
CO,1017,Lower Stikine,1996,3245,NA,NA
CO,1017,Lower Stikine,1997,1057,NA,NA
CO,1017,Lower Stikine,1998,1093,NA,NA
CO,1017,Lower Stikine,1999,3872,NA,NA
CO,1017,Lower Stikine,2000,306,NA,NA
CO,1017,Lower Stikine,2001,7405,NA,NA
CO,1017,Lower Stikine,2002,12646,NA,NA
CO,1017,Lower Stikine,2004,3000,NA,NA
CO,1017,Lower Stikine,2005,3199,NA,NA
CO,1017,Lower Stikine,2006,2213,NA,NA
CO,1017,Lower Stikine,2007,1557,NA,NA
CO,1017,Lower Stikine,2008,1147,NA,NA
CO,1017,Lower Stikine,2009,2275,NA,NA
CO,1017,Lower Stikine,2010,1751,NA,NA
CO,1017,Lower Stikine,2011,2544,NA,NA
CO,1017,Lower Stikine,2012,339,NA,NA
CO,1017,Lower Stikine,2013,1640,NA,NA
CO,1017,Lower Stikine,2014,1195,NA,NA
CO,1017,Lower Stikine,2015,1181,NA,NA
CO,1017,Lower Stikine,2016,292,NA,NA
CO,1017,Lower Stikine,2017,1656,NA,NA
CO,1017,Lower Stikine,2018,1994,NA,NA
CO,1017,Lower Stikine,2019,398,NA,NA
CO,1017,Lower Stikine,2020,199,NA,NA
CO,1017,Lower Stikine,2021,2456,NA,NA
CO,1017,Lower Stikine,2022,1308,NA,NA
CO,1017,Lower Stikine,2023,6869,NA,NA
CO,1034,Taku-Early Timing,1986,426,NA,NA
CO,1034,Taku-Early Timing,1987,441,NA,NA
CO,1034,Taku-Early Timing,1988,1689,NA,NA
CO,1034,Taku-Early Timing,1989,437,NA,NA
CO,1034,Taku-Early Timing,1990,281,NA,NA
CO,1034,Taku-Early Timing,1991,634,NA,NA
CO,1034,Taku-Early Timing,1992,970,NA,NA
CO,1034,Taku-Early Timing,1993,326,NA,NA
CO,1034,Taku-Early Timing,1994,2112,NA,NA
CO,1034,Taku-Early Timing,1995,14,NA,NA
CO,1034,Taku-Early Timing,1996,4,NA,NA
CO,1015,Taku-Late Timing,1984,1480,NA,NA
CO,1015,Taku-Late Timing,1985,2320,NA,NA
CO,1015,Taku-Late Timing,1986,1095,NA,NA
CO,1015,Taku-Late Timing,1987,2100,NA,NA
CO,1015,Taku-Late Timing,1988,1308,NA,NA
CO,1015,Taku-Late Timing,1989,1670,NA,NA
CO,1015,Taku-Late Timing,1990,414,NA,NA
CO,1015,Taku-Late Timing,1991,1348,NA,NA
CO,1015,Taku-Late Timing,1992,1288,NA,NA
CO,1015,Taku-Late Timing,1993,70,NA,NA
CO,1015,Taku-Late Timing,1994,50,NA,NA
CO,1015,Taku-Late Timing,1995,421,NA,NA
CO,1015,Taku-Late Timing,1996,278,NA,NA
CO,1035,Taku-Mid Timing,1958,7402,NA,NA
CO,1035,Taku-Mid Timing,1985,14316,NA,NA
CO,1035,Taku-Mid Timing,1986,3067,NA,NA
CO,1035,Taku-Mid Timing,1987,1888,NA,NA
CO,1035,Taku-Mid Timing,1988,1923,NA,NA
CO,1035,Taku-Mid Timing,1989,712,NA,NA
CO,1035,Taku-Mid Timing,1990,669,NA,NA
CO,1035,Taku-Mid Timing,1991,1101,NA,NA
CO,1035,Taku-Mid Timing,1992,730,NA,NA
CO,1035,Taku-Mid Timing,1993,88,NA,NA
CO,1035,Taku-Mid Timing,1994,168,NA,NA
PKE,1019,Transboundary Fjords (even),1984,24165,NA,NA
PKE,1019,Transboundary Fjords (even),1986,7530,NA,NA
PKE,1019,Transboundary Fjords (even),1988,4329,NA,NA
PKE,1019,Transboundary Fjords (even),1990,13704,NA,NA
PKE,1019,Transboundary Fjords (even),1992,9252,NA,NA
PKE,1019,Transboundary Fjords (even),1994,36533,NA,NA
PKE,1019,Transboundary Fjords (even),1996,21696,NA,NA
PKE,1019,Transboundary Fjords (even),1998,28347,NA,NA
PKE,1019,Transboundary Fjords (even),2000,6529,NA,NA
PKE,1019,Transboundary Fjords (even),2002,5672,NA,NA
PKE,1019,Transboundary Fjords (even),2004,8464,NA,NA
PKE,1019,Transboundary Fjords (even),2006,21725,NA,NA
PKE,1019,Transboundary Fjords (even),2008,4704,NA,NA
PKE,1019,Transboundary Fjords (even),2010,8868,NA,NA
PKE,1019,Transboundary Fjords (even),2012,5826,NA,NA
PKE,1019,Transboundary Fjords (even),2014,2436,NA,NA
PKE,1019,Transboundary Fjords (even),2016,1369,NA,NA
PKE,1019,Transboundary Fjords (even),2018,1604,NA,NA
PKE,1019,Transboundary Fjords (even),2020,4739,NA,NA
PKE,1019,Transboundary Fjords (even),2022,2042,NA,NA
PKO,1020,Transboundary Fjords (odd),1985,72781,NA,NA
PKO,1020,Transboundary Fjords (odd),1987,73118,NA,NA
PKO,1020,Transboundary Fjords (odd),1989,35685,NA,NA
PKO,1020,Transboundary Fjords (odd),1991,24890,NA,NA
PKO,1020,Transboundary Fjords (odd),1993,1628,NA,NA
PKO,1020,Transboundary Fjords (odd),1995,1712,NA,NA
PKO,1020,Transboundary Fjords (odd),1997,5196,NA,NA
PKO,1020,Transboundary Fjords (odd),1999,23503,NA,NA
PKO,1020,Transboundary Fjords (odd),2001,9134,NA,NA
PKO,1020,Transboundary Fjords (odd),2003,15492,NA,NA
PKO,1020,Transboundary Fjords (odd),2005,15839,NA,NA
PKO,1020,Transboundary Fjords (odd),2007,12405,NA,NA
PKO,1020,Transboundary Fjords (odd),2009,9234,NA,NA
PKO,1020,Transboundary Fjords (odd),2011,17775,NA,NA
PKO,1020,Transboundary Fjords (odd),2013,4666,NA,NA
PKO,1020,Transboundary Fjords (odd),2015,24246,NA,NA
PKO,1020,Transboundary Fjords (odd),2017,18520,NA,NA
PKO,1020,Transboundary Fjords (odd),2019,16971,NA,NA
PKO,1020,Transboundary Fjords (odd),2021,26950,NA,NA
PKO,1020,Transboundary Fjords (odd),2023,7097,NA,NA
SEL,1025,Christina,1984,130,NA,NA
SEL,1025,Christina,1985,67,NA,NA
SEL,1025,Christina,1986,0,NA,NA
SEL,1025,Christina,1987,6,NA,NA
SEL,1025,Christina,1988,7,NA,NA
SEL,1025,Christina,1989,10,NA,NA
SEL,1025,Christina,1990,4,NA,NA
SEL,1025,Christina,1992,50,NA,NA
SEL,1025,Christina,1993,28,NA,NA
SEL,1025,Christina,2007,0,NA,NA
SEL,1025,Christina,2008,0,NA,NA
SEL,1025,Christina,2010,0,NA,NA
SEL,1036,Chutine,1984,526,NA,NA
SEL,1036,Chutine,1985,253,NA,NA
SEL,1036,Chutine,1986,139,NA,NA
SEL,1036,Chutine,1987,6,NA,NA
SEL,1036,Chutine,1988,14,NA,NA
SEL,1036,Chutine,1989,29,NA,NA
SEL,1036,Chutine,1990,24,NA,NA
SEL,1036,Chutine,1991,0,NA,NA
SEL,1036,Chutine,1992,164,NA,NA
SEL,1036,Chutine,1993,57,NA,NA
SEL,1036,Chutine,1994,267,NA,NA
SEL,1036,Chutine,1995,13,NA,NA
SEL,1036,Chutine,1996,134,NA,NA
SEL,1036,Chutine,1997,204,NA,NA
SEL,1036,Chutine,1998,230,NA,NA
SEL,1036,Chutine,1999,56,NA,NA
SEL,1036,Chutine,2000,47,NA,NA
SEL,1036,Chutine,2001,601,NA,NA
SEL,1036,Chutine,2002,239,NA,NA
SEL,1036,Chutine,2003,240,NA,NA
SEL,1036,Chutine,2004,245,NA,NA
SEL,1036,Chutine,2005,66,NA,NA
SEL,1036,Chutine,2006,276,NA,NA
SEL,1036,Chutine,2007,0,NA,NA
SEL,1036,Chutine,2008,83,NA,NA
SEL,1036,Chutine,2009,51,NA,NA
SEL,1036,Chutine,2010,103,NA,NA
SEL,1036,Chutine,2012,0,NA,NA
SEL,1036,Chutine,2013,2,NA,NA
SEL,1036,Chutine,2014,52,NA,NA
SEL,1036,Chutine,2016,2,NA,NA
SEL,1036,Chutine,2017,141,NA,NA
SEL,1036,Chutine,2018,19,NA,NA
SEL,1036,Chutine,2019,86,NA,NA
SEL,1036,Chutine,2020,29,NA,NA
SEL,1036,Chutine,2021,47,NA,NA
SEL,1036,Chutine,2022,276,NA,NA
SEL,1036,Chutine,2023,90,NA,NA
SEL,1033,King Salmon,2004,5005,5005,5005
SEL,1033,King Salmon,2005,1046,1046,1046
SEL,1033,King Salmon,2006,2177,2177,2177
SEL,1033,King Salmon,2007,5,5,5
SEL,1033,King Salmon,2008,888,888,888
SEL,1033,King Salmon,2009,1100,1100,1100
SEL,1033,King Salmon,2010,2977,2977,2977
SEL,1033,King Salmon,2011,2899,2899,2899
SEL,1033,King Salmon,2012,6763,6763,6763
SEL,1033,King Salmon,2013,470,470,470
SEL,1033,King Salmon,2014,910,910,910
SEL,1033,King Salmon,2015,1683,1683,1683
SEL,1033,King Salmon,2016,6404,3378,6404
SEL,1033,King Salmon,2017,439,439,439
SEL,1033,King Salmon,2018,3375,2471,3375
SEL,1033,King Salmon,2019,4294,4294,4294
SEL,1033,King Salmon,2020,17330,17330,17330
SEL,1033,King Salmon,2021,6839,6839,6839
SEL,1033,King Salmon,2022,9385,9385,9385
SEL,1033,King Salmon,2023,2893,2893,2893
SEL,1038,Klukshu,1976,7941,7941,NA
SEL,1038,Klukshu,1977,15441,15441,NA
SEL,1038,Klukshu,1978,19017,19017,NA
SEL,1038,Klukshu,1979,7051,7051,NA
SEL,1038,Klukshu,1980,10850,10850,NA
SEL,1038,Klukshu,1981,18448,18448,NA
SEL,1038,Klukshu,1982,28899,28899,NA
SEL,1038,Klukshu,1983,18017,18017,NA
SEL,1038,Klukshu,1984,10227,10227,NA
SEL,1038,Klukshu,1985,17259,17259,NA
SEL,1038,Klukshu,1986,22936,22936,NA
SEL,1038,Klukshu,1987,9346,9346,NA
SEL,1038,Klukshu,1988,7737,7737,NA
SEL,1038,Klukshu,1989,21636,21636,NA
SEL,1038,Klukshu,1990,24607,24607,NA
SEL,1038,Klukshu,1991,17645,17645,NA
SEL,1038,Klukshu,1992,18269,18269,NA
SEL,1038,Klukshu,1993,14921,14921,NA
SEL,1038,Klukshu,1994,13892,13892,NA
SEL,1038,Klukshu,1995,19817,19817,NA
SEL,1038,Klukshu,1996,7891,7891,NA
SEL,1038,Klukshu,1997,11303,11303,NA
SEL,1038,Klukshu,1998,13580,13580,NA
SEL,1038,Klukshu,1999,5101,5101,NA
SEL,1038,Klukshu,2000,5422,5422,NA
SEL,1038,Klukshu,2001,9329,9329,NA
SEL,1038,Klukshu,2002,23587,23587,NA
SEL,1038,Klukshu,2003,32120,32120,NA
SEL,1038,Klukshu,2004,13721,13721,NA
SEL,1038,Klukshu,2005,3167,3167,NA
SEL,1038,Klukshu,2006,12890,12890,NA
SEL,1038,Klukshu,2007,8310,8310,NA
SEL,1038,Klukshu,2008,2741,2741,NA
SEL,1038,Klukshu,2009,5528,5528,NA
SEL,1038,Klukshu,2010,18546,18546,NA
SEL,1038,Klukshu,2011,20782,20782,NA
SEL,1038,Klukshu,2012,17176,17176,NA
SEL,1038,Klukshu,2013,3792,3792,NA
SEL,1038,Klukshu,2014,12148,12148,NA
SEL,1038,Klukshu,2015,11363,11363,NA
SEL,1038,Klukshu,2016,7391,7391,NA
SEL,1038,Klukshu,2017,3711,3711,NA
SEL,1038,Klukshu,2018,7143,7143,NA
SEL,1038,Klukshu,2019,18749,18749,NA
SEL,1038,Klukshu,2020,4287,4287,NA
SEL,1038,Klukshu,2021,25691,25691,NA
SEL,1038,Klukshu,2022,29629,29629,NA
SEL,1038,Klukshu,2023,13690,13690,NA
SEL,1027,Kuthai,1980,1658,1658,NA
SEL,1027,Kuthai,1981,2299,2299,NA
SEL,1027,Kuthai,1992,1457,1457,NA
SEL,1027,Kuthai,1993,6312,6312,NA
SEL,1027,Kuthai,1994,5427,5427,NA
SEL,1027,Kuthai,1995,3310,3310,NA
SEL,1027,Kuthai,1996,4243,4243,NA
SEL,1027,Kuthai,1997,5746,5746,NA
SEL,1027,Kuthai,1998,1934,1934,NA
SEL,1027,Kuthai,1999,10042,10042,NA
SEL,1027,Kuthai,2000,4096,4096,NA
SEL,1027,Kuthai,2001,1663,1663,NA
SEL,1027,Kuthai,2002,7697,7697,NA
SEL,1027,Kuthai,2003,7769,7769,NA
SEL,1027,Kuthai,2004,1578,1578,NA
SEL,1027,Kuthai,2005,6004,6004,NA
SEL,1027,Kuthai,2006,1015,1015,NA
SEL,1027,Kuthai,2007,204,204,NA
SEL,1027,Kuthai,2008,1547,1547,NA
SEL,1027,Kuthai,2009,1442,1442,NA
SEL,1027,Kuthai,2010,1626,1626,NA
SEL,1027,Kuthai,2011,811,811,NA
SEL,1027,Kuthai,2012,182,182,NA
SEL,1027,Kuthai,2013,1195,1195,NA
SEL,1027,Kuthai,2014,208,208,NA
SEL,1027,Kuthai,2015,341,341,NA
SEL,1027,Kuthai,2016,1476,1476,NA
SEL,1027,Kuthai,2017,299,299,NA
SEL,1027,Kuthai,2018,13,13,NA
SEL,1027,Kuthai,2019,605,605,NA
SEL,1027,Kuthai,2020,4131,4131,NA
SEL,1027,Kuthai,2021,26,26,NA
SEL,1027,Kuthai,2022,1084,1084,NA
SEL,1027,Kuthai,2023,125,125,NA
SEL,1028,Little Trapper,1983,7402,7402,7402
SEL,1028,Little Trapper,1984,13084,13084,13084
SEL,1028,Little Trapper,1985,14889,14889,14889
SEL,1028,Little Trapper,1986,13820,13820,13820
SEL,1028,Little Trapper,1987,12007,12007,12007
SEL,1028,Little Trapper,1988,10637,10637,10637
SEL,1028,Little Trapper,1989,9606,9606,9606
SEL,1028,Little Trapper,1990,7777,7777,7777
SEL,1028,Little Trapper,1991,21001,21001,21001
SEL,1028,Little Trapper,1992,12732,12732,12732
SEL,1028,Little Trapper,1993,16685,16685,16685
SEL,1028,Little Trapper,1994,12691,12691,12691
SEL,1028,Little Trapper,1995,11524,11067,11524
SEL,1028,Little Trapper,1996,5483,5292,5483
SEL,1028,Little Trapper,1997,5924,5543,5924
SEL,1028,Little Trapper,1998,8717,7698,8717
SEL,1028,Little Trapper,1999,11805,11760,11805
SEL,1028,Little Trapper,2000,11551,11551,11551
SEL,1028,Little Trapper,2001,16860,16860,16860
SEL,1028,Little Trapper,2002,7973,7973,7973
SEL,1028,Little Trapper,2003,31227,31227,31227
SEL,1028,Little Trapper,2004,9613,9613,9613
SEL,1028,Little Trapper,2005,16009,16009,16009
SEL,1028,Little Trapper,2006,24557,24557,24557
SEL,1028,Little Trapper,2007,6340,6340,6340
SEL,1028,Little Trapper,2008,2791,2791,2791
SEL,1028,Little Trapper,2009,5443,5443,5443
SEL,1028,Little Trapper,2010,3387,3084,3387
SEL,1028,Little Trapper,2011,3809,3521,3809
SEL,1028,Little Trapper,2012,10015,9522,10015
SEL,1028,Little Trapper,2013,4840,4809,4840
SEL,1028,Little Trapper,2014,6707,6707,6707
SEL,1028,Little Trapper,2015,13253,13253,13253
SEL,1028,Little Trapper,2016,7594,7594,7594
SEL,1028,Little Trapper,2017,6376,6376,6376
SEL,1028,Little Trapper,2018,8249,8249,8249
SEL,1028,Little Trapper,2019,6140,6140,6140
SEL,1028,Little Trapper,2020,7312,7001,7312
SEL,1028,Little Trapper,2021,18913,18244,18913
SEL,1028,Little Trapper,2022,9846,9452,9846
SEL,1028,Little Trapper,2023,5558,5501,5558
SEL,1039,Nesketahin,1986,1490,1490,NA
SEL,1039,Nesketahin,1987,1875,1875,NA
SEL,1039,Nesketahin,1988,433,433,NA
SEL,1039,Nesketahin,1989,9569,9569,NA
SEL,1039,Nesketahin,1990,5313,5313,NA
SEL,1039,Nesketahin,1991,86,86,NA
SEL,1039,Nesketahin,1992,7447,7447,NA
SEL,1039,Nesketahin,1993,2104,2104,NA
SEL,1039,Nesketahin,1994,3921,3921,NA
SEL,1039,Nesketahin,1995,4042,4042,NA
SEL,1039,Nesketahin,1996,1583,1583,NA
SEL,1039,Nesketahin,1997,2267,2267,NA
SEL,1039,Nesketahin,1998,826,826,NA
SEL,1039,Nesketahin,2000,1860,1860,NA
SEL,1039,Nesketahin,2001,1897,1897,NA
SEL,1039,Nesketahin,2002,2765,2765,NA
SEL,1039,Nesketahin,2003,2778,2778,NA
SEL,1039,Nesketahin,2004,1968,1968,NA
SEL,1039,Nesketahin,2005,1408,1408,NA
SEL,1039,Nesketahin,2006,979,979,NA
SEL,1039,Nesketahin,2007,10254,10254,NA
SEL,1039,Nesketahin,2009,887,887,NA
SEL,1039,Nesketahin,2010,2305,2305,NA
SEL,1039,Nesketahin,2011,355,355,NA
SEL,1039,Nesketahin,2012,1372,1372,NA
SEL,1039,Nesketahin,2013,129,129,NA
SEL,1039,Nesketahin,2014,189,189,NA
SEL,1039,Nesketahin,2016,410,410,NA
SEL,1039,Nesketahin,2017,240,240,NA
SEL,1039,Nesketahin,2018,97,97,NA
SEL,1039,Nesketahin,2019,1497,1497,NA
SEL,1039,Nesketahin,2020,65,65,NA
SEL,1039,Nesketahin,2021,685,685,NA
SEL,1039,Nesketahin,2022,461,461,NA
SEL,1039,Nesketahin,2023,285,285,NA
SEL,1026,Tahltan,1959,4311,NA,4311
SEL,1026,Tahltan,1960,6387,NA,6387
SEL,1026,Tahltan,1961,16519,NA,16519
SEL,1026,Tahltan,1962,14508,NA,14508
SEL,1026,Tahltan,1963,1780,NA,1780
SEL,1026,Tahltan,1964,18353,NA,18353
SEL,1026,Tahltan,1965,1471,NA,1471
SEL,1026,Tahltan,1966,21580,NA,21580
SEL,1026,Tahltan,1967,38802,NA,38802
SEL,1026,Tahltan,1968,19726,NA,19726
SEL,1026,Tahltan,1969,11805,NA,11805
SEL,1026,Tahltan,1970,8430,NA,8430
SEL,1026,Tahltan,1971,18523,NA,18523
SEL,1026,Tahltan,1972,52454,NA,52454
SEL,1026,Tahltan,1973,2864,NA,2864
SEL,1026,Tahltan,1974,8101,NA,8101
SEL,1026,Tahltan,1975,8159,NA,8159
SEL,1026,Tahltan,1976,24111,NA,24111
SEL,1026,Tahltan,1977,42960,NA,42960
SEL,1026,Tahltan,1978,22788,NA,22788
SEL,1026,Tahltan,1979,10211,NA,10211
SEL,1026,Tahltan,1980,11018,NA,11018
SEL,1026,Tahltan,1981,50790,NA,50790
SEL,1026,Tahltan,1982,28257,NA,28257
SEL,1026,Tahltan,1983,21256,NA,21256
SEL,1026,Tahltan,1984,32777,NA,32777
SEL,1026,Tahltan,1985,67326,NA,67326
SEL,1026,Tahltan,1986,20280,NA,20280
SEL,1026,Tahltan,1987,6958,NA,6958
SEL,1026,Tahltan,1988,2536,NA,2536
SEL,1026,Tahltan,1989,8316,NA,8316
SEL,1026,Tahltan,1990,14927,NA,14927
SEL,1026,Tahltan,1991,50135,NA,50135
SEL,1026,Tahltan,1992,59907,NA,59907
SEL,1026,Tahltan,1993,51610,NA,51610
SEL,1026,Tahltan,1994,39511,32762,39511
SEL,1026,Tahltan,1995,31577,19640,31577
SEL,1026,Tahltan,1996,38161,33712,38161
SEL,1026,Tahltan,1997,12105,9660,12105
SEL,1026,Tahltan,1998,12268,11577,12268
SEL,1026,Tahltan,1999,10319,9629,10319
SEL,1026,Tahltan,2000,5670,4522,5670
SEL,1026,Tahltan,2001,14761,8916,14761
SEL,1026,Tahltan,2002,17340,12243,17340
SEL,1026,Tahltan,2003,53533,30113,53533
SEL,1026,Tahltan,2004,62952,31708,62952
SEL,1026,Tahltan,2005,43046,25276,43046
SEL,1026,Tahltan,2006,53455,27683,53455
SEL,1026,Tahltan,2007,20874,11993,20874
SEL,1026,Tahltan,2008,10416,5121,10416
SEL,1026,Tahltan,2009,30324,25353,30324
SEL,1026,Tahltan,2010,22702,13106,22702
SEL,1026,Tahltan,2011,34248,22231,34248
SEL,1026,Tahltan,2012,13463,7699,13463
SEL,1026,Tahltan,2013,15828,7802,15828
SEL,1026,Tahltan,2014,39745,20747,39745
SEL,1026,Tahltan,2015,33159,16955,33159
SEL,1026,Tahltan,2016,38458,23544,38458
SEL,1026,Tahltan,2017,19241,9197,19241
SEL,1026,Tahltan,2018,16350,8204,16350
SEL,1026,Tahltan,2019,36787,16467,36787
SEL,1026,Tahltan,2020,11158,4681,11158
SEL,1026,Tahltan,2021,42846,15382,42846
SEL,1026,Tahltan,2022,52772,10819,52772
SEL,1026,Tahltan,2023,37359,11170,37359
SEL,1029,Tatsamenie,1985,13093,NA,NA
SEL,1029,Tatsamenie,1986,11446,NA,NA
SEL,1029,Tatsamenie,1987,2794,NA,NA
SEL,1029,Tatsamenie,1988,2063,NA,NA
SEL,1029,Tatsamenie,1989,3039,NA,NA
SEL,1029,Tatsamenie,1990,5736,NA,NA
SEL,1029,Tatsamenie,1991,8381,NA,NA
SEL,1029,Tatsamenie,1992,6576,NA,NA
SEL,1029,Tatsamenie,1993,5028,NA,NA
SEL,1029,Tatsamenie,1994,4371,NA,NA
SEL,1029,Tatsamenie,1995,4387,3443,4387
SEL,1029,Tatsamenie,1996,8026,7682,8026
SEL,1029,Tatsamenie,1997,5981,5815,5981
SEL,1029,Tatsamenie,1998,4735,4628,4735
SEL,1029,Tatsamenie,1999,1888,1855,1888
SEL,1029,Tatsamenie,2000,5570,4835,5570
SEL,1029,Tatsamenie,2001,19579,16324,19579
SEL,1029,Tatsamenie,2002,4379,3854,4379
SEL,1029,Tatsamenie,2003,2965,2085,2965
SEL,1029,Tatsamenie,2004,1357,860,1357
SEL,1029,Tatsamenie,2005,2445,1960,2445
SEL,1029,Tatsamenie,2006,19820,17623,19820
SEL,1029,Tatsamenie,2007,8384,5995,8384
SEL,1029,Tatsamenie,2008,6176,3309,6176
SEL,1029,Tatsamenie,2009,1292,1067,1292
SEL,1029,Tatsamenie,2010,2113,1688,2113
SEL,1029,Tatsamenie,2011,6580,4848,6580
SEL,1029,Tatsamenie,2012,14305,8583,14305
SEL,1029,Tatsamenie,2013,8946,4844,8946
SEL,1029,Tatsamenie,2014,1348,776,1348
SEL,1029,Tatsamenie,2015,939,530,939
SEL,1029,Tatsamenie,2016,31434,25666,31434
SEL,1029,Tatsamenie,2017,25697,20778,25697
SEL,1029,Tatsamenie,2018,3782,2688,3782
SEL,1029,Tatsamenie,2019,2508,1307,2508
SEL,1029,Tatsamenie,2020,2506,1937,2506
SEL,1029,Tatsamenie,2021,23906,17458,23906
SEL,1029,Tatsamenie,2022,20902,14475,20902
SEL,1029,Tatsamenie,2023,10566,5680,10566
SER,1021,Alsek (river-type),2000,37142,NA,NA
SER,1021,Alsek (river-type),2001,29987,NA,NA
SER,1021,Alsek (river-type),2002,93172,NA,NA
SER,1021,Alsek (river-type),2003,100712,NA,NA
SER,1021,Alsek (river-type),2004,81581,NA,NA
SER,1021,Alsek (river-type),2005,57223,NA,NA
SER,1021,Alsek (river-type),2006,47574,NA,NA
SER,1021,Alsek (river-type),2011,83899,NA,NA
SER,1021,Alsek (river-type),2012,76598,NA,NA
SER,1021,Alsek (river-type),2013,83771,NA,NA
SER,1021,Alsek (river-type),2014,87093,NA,NA
SER,1021,Alsek (river-type),2015,63709,NA,NA
SER,1021,Alsek (river-type),2016,58836,NA,NA
SER,1021,Alsek (river-type),2017,101564,NA,NA
SER,1021,Alsek (river-type),2019,81883,NA,NA
SER,1021,Alsek (river-type),2020,13071,NA,NA
SER,1021,Alsek (river-type),2021,99798,NA,NA
SER,1021,Alsek (river-type),2022,134418,NA,NA
SER,1021,Alsek (river-type),2023,39229,NA,NA
SER,1023,Northern Transboundary Fjords (river-type),1979,16608,NA,NA
SER,1023,Northern Transboundary Fjords (river-type),1980,30806,NA,NA
SER,1023,Northern Transboundary Fjords (river-type),1981,61072,NA,NA
SER,1023,Northern Transboundary Fjords (river-type),1982,19964,NA,NA
SER,1023,Northern Transboundary Fjords (river-type),1983,29307,NA,NA
SER,1023,Northern Transboundary Fjords (river-type),1984,39687,NA,NA
SER,1023,Northern Transboundary Fjords (river-type),1985,94499,NA,NA
SER,1023,Northern Transboundary Fjords (river-type),1986,33045,NA,NA
SER,1023,Northern Transboundary Fjords (river-type),1987,22955,NA,NA
SER,1023,Northern Transboundary Fjords (river-type),1988,24349,NA,NA
SER,1023,Northern Transboundary Fjords (river-type),1989,46981,NA,NA
SER,1023,Northern Transboundary Fjords (river-type),1990,26646,NA,NA
SER,1023,Northern Transboundary Fjords (river-type),1991,45787,NA,NA
SER,1023,Northern Transboundary Fjords (river-type),1992,67361,NA,NA
SER,1023,Northern Transboundary Fjords (river-type),1993,75062,NA,NA
SER,1023,Northern Transboundary Fjords (river-type),1994,36418,NA,NA
SER,1023,Northern Transboundary Fjords (river-type),1995,48184,NA,NA
SER,1023,Northern Transboundary Fjords (river-type),1996,59565,NA,NA
SER,1023,Northern Transboundary Fjords (river-type),1997,47668,NA,NA
SER,1023,Northern Transboundary Fjords (river-type),1998,28713,NA,NA
SER,1023,Northern Transboundary Fjords (river-type),1999,10077,NA,NA
SER,1023,Northern Transboundary Fjords (river-type),2000,10426,NA,NA
SER,1023,Northern Transboundary Fjords (river-type),2001,44707,NA,NA
SER,1023,Northern Transboundary Fjords (river-type),2002,27831,NA,NA
SER,1023,Northern Transboundary Fjords (river-type),2003,58336,NA,NA
SER,1023,Northern Transboundary Fjords (river-type),2004,83882,NA,NA
SER,1023,Northern Transboundary Fjords (river-type),2005,77568,NA,NA
SER,1023,Northern Transboundary Fjords (river-type),2006,90148,NA,NA
SER,1023,Northern Transboundary Fjords (river-type),2007,63683,NA,NA
SER,1023,Northern Transboundary Fjords (river-type),2008,59778,NA,NA
SER,1023,Northern Transboundary Fjords (river-type),2009,55641,NA,NA
SER,1023,Northern Transboundary Fjords (river-type),2010,74428,NA,NA
SER,1023,Northern Transboundary Fjords (river-type),2011,71567,NA,NA
SER,1023,Northern Transboundary Fjords (river-type),2012,73669,NA,NA
SER,1023,Northern Transboundary Fjords (river-type),2013,73991,NA,NA
SER,1023,Northern Transboundary Fjords (river-type),2014,60939,NA,NA
SER,1023,Northern Transboundary Fjords (river-type),2015,92275,NA,NA
SER,1023,Northern Transboundary Fjords (river-type),2016,88995,NA,NA
SER,1023,Northern Transboundary Fjords (river-type),2017,38028,NA,NA
SER,1023,Northern Transboundary Fjords (river-type),2018,62380,NA,NA
SER,1023,Northern Transboundary Fjords (river-type),2019,90239,NA,NA
SER,1023,Northern Transboundary Fjords (river-type),2020,75514,NA,NA
SER,1023,Northern Transboundary Fjords (river-type),2021,143806,NA,NA
SER,1023,Northern Transboundary Fjords (river-type),2022,94959,NA,NA
SER,1023,Northern Transboundary Fjords (river-type),2023,101061,NA,NA
SH,1081,Taku Summer,1987,34,NA,NA
SH,1081,Taku Summer,1988,34,NA,NA
SH,1081,Taku Summer,1989,38,NA,NA
SH,1081,Taku Summer,1990,43,NA,NA
SH,1081,Taku Summer,1991,138,NA,NA
SH,1081,Taku Summer,1992,22,NA,NA
SH,1081,Taku Summer,1993,16,NA,NA
SH,1081,Taku Summer,1994,107,NA,NA
SH,1081,Taku Summer,1995,61,NA,NA
SH,1081,Taku Summer,1996,68,NA,NA
SH,1081,Taku Summer,1997,103,NA,NA
SH,1081,Taku Summer,1998,119,NA,NA
SH,1081,Taku Summer,1999,119,NA,NA
SH,1081,Taku Summer,2000,160,NA,NA
SH,1081,Taku Summer,2001,125,NA,NA
SH,1081,Taku Summer,2002,87,NA,NA
SH,1081,Taku Summer,2003,93,NA,NA
SH,1081,Taku Summer,2004,63,NA,NA
SH,1081,Taku Summer,2005,79,NA,NA
SH,1081,Taku Summer,2006,47,NA,NA
SH,1081,Taku Summer,2007,57,NA,NA
SH,1081,Taku Summer,2009,52,NA,NA
SH,1081,Taku Summer,2010,176,NA,NA
SH,1081,Taku Summer,2011,93,NA,NA
SH,1081,Taku Summer,2012,24,NA,NA
SH,1081,Taku Summer,2013,11,NA,NA
SH,1081,Taku Summer,2015,47,NA,NA
SH,1081,Taku Summer,2018,12,NA,NA
SH,1081,Taku Summer,2023,9,NA,NA
