GFE_ID,SYSTEM_SITE,TTC_Species,CU_River,TTC_STOCK_MATCH,TTC_RECORD_MATCH,TTC_MATCH_COMMENT,TTC_METHOD,TTC_QUALITY,GFE_TYPE,SPECIES_QUALIFIED,Y_LAT,X_LONGT,CU_TYPE,FULL_CU_IN,POP_ID,IS_INDICATOR,cuid,cu_name_pse,pointid,streamid,indicator,stream_name_pse,latitude,longitude,PSE_source,X.1920,X.1921,X.1922,X.1923,X.1924,X.1925,X.1926,X.1927,X.1928,X.1929,X.1930,X.1931,X.1932,X.1933,X.1934,X.1935,X.1936,X.1937,X.1938,X.1939,X.1940,X.1941,X.1942,X.1943,X.1944,X.1945,X.1946,X.1947,X.1948,X.1949,X.1950,X.1951,X.1952,X.1953,X.1954,X.1955,X.1956,X.1957,X.1958,X.1959,X.1960,X.1961,X.1962,X.1963,X.1964,X.1965,X.1966,X.1967,X.1968,X.1969,X.1970,X.1971,X.1972,X.1973,X.1974,X.1975,X.1976,X.1977,X.1978,X.1979,X.1980,X.1981,X.1982,X.1983,X.1984,X.1985,X.1986,X.1987,X.1988,X.1989,X.1990,X.1991,X.1992,X.1993,X.1994,X.1995,X.1996,X.1997,X.1998,X.1999,X.2000,X.2001,X.2002,X.2003,X.2004,X.2005,X.2006,X.2007,X.2008,X.2009,X.2010,X.2011,X.2012,X.2013,X.2014,X.2015,X.2016,X.2017,X.2018,X.2019,X.2020,X.2021,X.2022,X.2023
2324,ALSEK RIVER,Chinook,Alsek,Alsek River,Alsek Escapement,NA,Mark-recapture,2,Stream,CK,59.4439652,-137.9907846,Current,CK-67,3338,N,1004,Alsek,41,10128,N,ALSEK RIVER,59.4439652,-137.9907846,TTC,NA,NA,NA,NA,NA,NA,NA,NA,NA,NA,NA,NA,NA,NA,NA,NA,NA,NA,NA,NA,NA,NA,NA,NA,NA,NA,NA,NA,NA,NA,NA,NA,NA,NA,NA,NA,NA,NA,NA,NA,NA,NA,NA,NA,NA,NA,NA,NA,NA,NA,NA,NA,NA,NA,NA,NA,NA,NA,NA,NA,NA,NA,NA,NA,NA,NA,NA,NA,NA,NA,NA,NA,NA,NA,NA,NA,NA,NA,6833,14615,7905,6705,5569,5904,7083,NA,NA,NA,NA,NA,NA,NA,NA,NA,NA,NA,NA,NA,NA,NA,NA,NA,NA,NA
2334,BLANCHARD RIVER,Chinook,Alsek,Alsek River,Blanchard River Aerial Index,How to link multiple matches (e.g. Blanchard River Sonar (Large Fish),Aerial survey,3,Stream,CK,60.03214868,-136.8935638,Current,CK-67,44859,N,1004,Alsek,192,10131,N,BLANCHARD RIVER,60.03214868,-136.8935638,TTC,NA,NA,NA,NA,NA,NA,NA,NA,NA,NA,NA,NA,NA,NA,NA,NA,NA,NA,NA,NA,NA,NA,NA,NA,NA,NA,NA,NA,NA,NA,NA,NA,NA,NA,NA,NA,NA,NA,NA,NA,NA,NA,NA,NA,NA,NA,NA,NA,NA,NA,NA,NA,NA,NA,NA,NA,NA,NA,NA,NA,NA,NA,NA,NA,304,232,556,624,437,NA,NA,121,86,326,349,338,132,109,71,371,163,543,351,127,84,112,98,39,65,NA,NA,NA,NA,NA,NA,NA,NA,NA,NA,NA,NA,NA,NA,NA
2335,GOAT CREEK,Chinook,Alsek,Alsek River,Goat Creek Aerial Index,NA,Aerial survey,3,Stream,CK,59.85175486,-136.645447,Current,CK-67,44860,Y,1004,Alsek,833,10132,Y,GOAT CREEK,59.85175486,-136.645447,TTC,NA,NA,NA,NA,NA,NA,NA,NA,NA,NA,NA,NA,NA,NA,NA,NA,NA,NA,NA,NA,NA,NA,NA,NA,NA,NA,NA,NA,NA,NA,NA,NA,NA,NA,NA,NA,NA,NA,NA,NA,NA,NA,NA,NA,NA,NA,NA,NA,NA,NA,NA,NA,NA,NA,NA,NA,NA,NA,NA,NA,NA,NA,NA,NA,28,NA,142,85,54,34,32,63,16,50,67,NA,12,NA,39,51,33,21,86,10,NA,7,9,45,11,NA,NA,NA,NA,NA,NA,NA,NA,NA,NA,NA,NA,NA,NA,NA
2332,KLUKSHU RIVER,Chinook,Alsek,Alsek River,Klukshu - Escapement,NA,Fence count minus harvest,1,Stream,CK,60.11586335,-137.0362158,Current,CK-67,44857,Y,1004,Alsek,1180,10129,Y,KLUKSHU RIVER,60.11586335,-137.0362158,TTC,NA,NA,NA,NA,NA,NA,NA,NA,NA,NA,NA,NA,NA,NA,NA,NA,NA,NA,NA,NA,NA,NA,NA,NA,NA,NA,NA,NA,NA,NA,NA,NA,NA,NA,NA,NA,NA,NA,NA,NA,NA,NA,NA,NA,NA,NA,NA,NA,NA,NA,NA,NA,NA,NA,NA,NA,1153,2894,2676,2454,2487,1963,1969,2237,1572,1283,2607,2491,1994,2289,1742,2248,1242,3220,3628,5394,3382,2829,1347,2168,1321,1738,2134,1661,2445,963,566,676,466,1518,2259,1610,693,1227,832,1388,646,443,1087,1573,1316,1384,934,1053
2333,TAKHANNE RIVER,Chinook,Alsek,Alsek River,Takhanne River Aerial Index,Second match: Takhanne River Snorkel Survey,Aerial survey,3,Stream,CK,60.09442906,-136.9919185,Current,CK-67,44858,Y,1004,Alsek,2199,10130,Y,TAKHANNE RIVER,60.09442906,-136.9919185,TTC,NA,NA,NA,NA,NA,NA,NA,NA,NA,NA,NA,NA,NA,NA,NA,NA,NA,NA,NA,NA,NA,NA,NA,NA,NA,NA,NA,NA,NA,NA,NA,NA,NA,NA,NA,NA,NA,NA,NA,NA,NA,NA,NA,NA,NA,NA,NA,NA,NA,NA,NA,NA,NA,NA,NA,NA,NA,NA,NA,NA,NA,NA,NA,NA,158,184,358,395,169,158,325,86,77,351,342,260,230,190,136,194,152,287,220,105,46,47,28,32,41,NA,NA,NA,NA,NA,NA,NA,NA,NA,NA,NA,NA,NA,NA,NA
NA,NA,NA,Multiple/Other,NA,NA,No NuSEDS or TTC match,Helicopter,4,NA,CK,NA,NA,NA,NA,NA,NA,1005,Lynn Canal,2148,10310,N,STONEHOUSE,59.632,-136.291,Pahlke (1992),NA,NA,NA,NA,NA,NA,NA,NA,NA,NA,NA,NA,NA,NA,NA,NA,NA,NA,NA,NA,NA,NA,NA,NA,NA,NA,NA,NA,NA,NA,NA,NA,NA,NA,NA,NA,NA,NA,NA,NA,NA,NA,NA,NA,NA,NA,NA,NA,NA,NA,NA,NA,NA,NA,NA,NA,NA,NA,NA,NA,NA,69,123,126,104,50,9,190,89,231,42,126,NA,NA,NA,NA,NA,NA,NA,NA,NA,NA,NA,NA,NA,NA,NA,NA,NA,NA,NA,NA,NA,NA,NA,NA,NA,NA,NA,NA,NA,NA,NA,NA
2200,BEATTY CREEK,Chinook,Stikine,Stikine River,Beatty Aerial,NA,Aerial survey,3,Stream,CK,58.10228969,-131.1907665,Current,CK-60,45146,N,1010,Stikine-Early Timing,133,10166,N,BEATTY CREEK,58.10228969,-131.1907665,TTC,NA,NA,NA,NA,NA,NA,NA,NA,NA,NA,NA,NA,NA,NA,NA,NA,NA,NA,NA,NA,NA,NA,NA,NA,NA,NA,NA,NA,NA,NA,NA,NA,NA,NA,NA,NA,NA,NA,NA,NA,NA,NA,NA,NA,NA,NA,NA,NA,NA,NA,NA,NA,NA,NA,NA,NA,NA,NA,NA,NA,122,558,567,83,126,147,183,312,593,362,271,193,362,757,184,152,218,218,125,NA,NA,NA,NA,NA,NA,NA,NA,NA,NA,NA,NA,NA,NA,NA,15,30,25,NA,17,20,NA,11,10,NA
2145,CHRISTINA CREEK,NA,Stikine,NA,NA,No current TTC Match,NA,NA,Stream,CK,57.24130661,-131.8530702,Current,CK-60,45494,N,1010,Stikine-Early Timing,425,10168,N,CHRISTINA CREEK,57.24130661,-131.8530702,NuSEDS,NA,NA,NA,NA,NA,NA,NA,NA,NA,NA,NA,NA,NA,NA,NA,NA,NA,NA,NA,NA,NA,NA,NA,NA,NA,NA,NA,NA,NA,NA,NA,NA,NA,NA,NA,NA,NA,NA,NA,NA,NA,NA,NA,NA,NA,NA,NA,NA,NA,NA,NA,NA,NA,NA,NA,275,NA,NA,NA,NA,NA,NA,NA,NA,NA,NA,NA,NA,NA,NA,NA,NA,NA,NA,NA,NA,NA,NA,NA,NA,NA,NA,NA,NA,NA,NA,NA,NA,NA,NA,NA,NA,NA,NA,NA,NA,NA,NA,NA,NA,NA,NA,NA,NA
2201,LITTLE TAHLTAN RIVER,Chinook,Stikine,Stikine River,Little Tahltan natural spawners,NA,Fence count,1,Stream,CK,58.12105429,-131.3202863,Current,CK-60,45147,Y,1010,Stikine-Early Timing,1316,10167,Y,LITTLE TAHLTAN RIVER,58.12105429,-131.3202863,TTC,NA,NA,NA,NA,NA,NA,NA,NA,NA,NA,NA,NA,NA,NA,NA,NA,NA,NA,NA,NA,NA,NA,NA,NA,NA,NA,NA,NA,NA,NA,NA,NA,NA,NA,NA,NA,NA,NA,NA,NA,NA,NA,NA,NA,NA,NA,NA,NA,NA,NA,NA,NA,NA,NA,NA,NA,NA,NA,NA,NA,NA,NA,NA,NA,NA,3114,2891,4783,7292,4715,4392,4506,6615,11437,6373,3072,4821,5547,4873,4733,6631,9730,7476,6492,16381,7387,3860,562,2663,2245,1057,1753,720,878,169,450,921,492,453,536,347,987,677,363
2199,TAHLTAN RIVER,NA,Stikine,NA,NA,No current TTC Match,NA,NA,Stream,CK,58.00994991,-130.9812919,Current,CK-60,45145,N,1010,Stikine-Early Timing,2193,10165,N,TAHLTAN RIVER,58.00994991,-130.9812919,NuSEDS,NA,NA,NA,NA,NA,NA,NA,NA,NA,NA,NA,NA,NA,NA,NA,NA,NA,NA,NA,NA,NA,NA,NA,NA,NA,NA,NA,NA,NA,NA,NA,NA,NA,NA,NA,NA,NA,NA,NA,NA,NA,NA,NA,NA,NA,NA,NA,NA,NA,NA,NA,NA,NA,NA,NA,NA,NA,NA,NA,2118,960,1852,1690,453,NA,1490,1400,1390,4384,NA,2134,2445,1891,2249,NA,696,772,260,587,NA,NA,NA,NA,NA,NA,NA,NA,NA,NA,NA,NA,NA,NA,NA,514,53,95,NA,NA,NA,NA,85,NA,NA
2178,ISKUT RIVER,NA,Stikine,NA,NA,No current TTC Match,NA,NA,Stream,CK,56.74862595,-131.7831705,Current,CK-61,45136,N,1011,Stikine-Late Timing,1035,10170,N,ISKUT RIVER,56.74862595,-131.7831705,NuSEDS,NA,NA,NA,NA,NA,NA,NA,NA,NA,NA,NA,NA,NA,NA,NA,NA,NA,NA,NA,NA,NA,NA,NA,NA,NA,NA,NA,NA,NA,NA,NA,NA,NA,NA,NA,NA,NA,NA,NA,NA,NA,NA,NA,NA,NA,NA,NA,NA,NA,NA,NA,NA,NA,NA,NA,NA,NA,290,NA,NA,NA,NA,NA,NA,NA,NA,NA,NA,NA,NA,NA,NA,NA,NA,NA,NA,NA,NA,NA,NA,NA,NA,NA,NA,NA,NA,NA,NA,NA,NA,NA,NA,NA,NA,NA,NA,NA,NA,NA,NA,NA,NA,NA,NA
2119,KATETE RIVER,NA,Stikine,NA,NA,No current TTC Match,NA,NA,Stream,CK,56.66608323,-131.8159447,Current,CK-61,45489,N,1011,Stikine-Late Timing,1088,10171,N,KATETE RIVER,56.66608323,-131.8159447,NuSEDS,NA,NA,NA,NA,NA,NA,NA,NA,NA,NA,NA,NA,NA,NA,NA,NA,NA,NA,NA,NA,NA,NA,NA,NA,NA,NA,NA,NA,NA,NA,NA,NA,NA,NA,NA,NA,NA,NA,NA,NA,NA,NA,NA,NA,NA,NA,NA,NA,NA,NA,NA,NA,NA,NA,NA,NA,NA,NA,NA,2118,1960,1852,1690,453,NA,1490,1400,1390,4384,NA,2134,2445,1891,4010,2422,696,772,260,587,NA,NA,NA,NA,NA,NA,NA,NA,NA,NA,NA,NA,NA,NA,NA,NA,NA,NA,NA,NA,NA,NA,NA,NA,NA
2225,DUDIDONTU RIVER,Chinook,Taku,Taku River,Dudidontu Aerial Index,NA,Aerial survey,3,Stream,CK,58.78941351,-131.9852257,Current,CK-63,45167,Y,1006,Taku-Early Timing,644,10178,Y,DUDIDONTU RIVER,58.78941351,-131.9852257,TTC,NA,NA,NA,NA,NA,NA,NA,NA,NA,NA,NA,NA,NA,NA,NA,NA,NA,NA,NA,NA,NA,NA,NA,NA,NA,NA,NA,NA,NA,NA,NA,NA,NA,NA,NA,NA,NA,NA,NA,NA,NA,NA,NA,NA,NA,NA,NA,NA,NA,NA,NA,NA,NA,NA,NA,15,40,18,NA,9,158,74,130,117,NA,475,413,287,243,204,820,804,768,1020,573,731,1810,943,807,527,482,479,834,644,1036,318,395,4,480,272,561,301,126,166,193,289,156,37,363,949,292,147,192,403
2224,NAHLIN RIVER,Chinook,Taku,Taku River,Nahlin Aerial Index,NA,Aerial survey,3,Stream,CK,58.77672495,-132.0933965,Current,CK-63,45164,Y,1006,Taku-Early Timing,1559,10176,Y,NAHLIN RIVER,58.77672495,-132.0933965,TTC,NA,NA,NA,NA,NA,NA,NA,NA,NA,NA,NA,NA,NA,NA,NA,NA,NA,NA,NA,NA,NA,NA,NA,NA,NA,NA,NA,NA,NA,NA,NA,NA,NA,NA,NA,NA,NA,NA,NA,NA,NA,NA,NA,NA,NA,NA,NA,NA,NA,NA,NA,NA,NA,NA,NA,274,725,650,624,857,1531,2945,1246,391,951,2236,1612,1122,1535,1812,1658,1781,1821,2128,2418,2069,5415,3655,1294,532,728,935,1099,861,1787,471,955,277,1121,1033,1018,808,726,527,304,612,379,134,268,282,213,98,351,462
NA,NA,NA,Taku,NA,NA,No NuSEDS or TTC match,Sonar,1,NA,CK,NA,NA,NA,NA,NA,NA,1006,Taku-Early Timing,1560,10304,N,NAHLIN RIVER SONAR,58.778357,-132.039531,Aaron Foos (pers. comm.),NA,NA,NA,NA,NA,NA,NA,NA,NA,NA,NA,NA,NA,NA,NA,NA,NA,NA,NA,NA,NA,NA,NA,NA,NA,NA,NA,NA,NA,NA,NA,NA,NA,NA,NA,NA,NA,NA,NA,NA,NA,NA,NA,NA,NA,NA,NA,NA,NA,NA,NA,NA,NA,NA,NA,NA,NA,NA,NA,NA,NA,NA,NA,NA,NA,NA,NA,NA,NA,NA,NA,NA,NA,NA,NA,NA,NA,NA,NA,NA,NA,NA,NA,NA,NA,NA,NA,NA,NA,NA,NA,NA,NA,NA,NA,NA,2160,2375,1931,4403,2518,2073,2849,3957
2228,TSETA CREEK,Chinook,Taku,Taku River,Tseta Aerial Index,NA,Aerial survey,3,Stream,CK,58.90605923,-131.9436671,Current,CK-63,45168,Y,1006,Taku-Early Timing,2306,10179,Y,TSETA CREEK,58.90605923,-131.9436671,TTC,NA,NA,NA,NA,NA,NA,NA,NA,NA,NA,NA,NA,NA,NA,NA,NA,NA,NA,NA,NA,NA,NA,NA,NA,NA,NA,NA,NA,NA,NA,NA,NA,NA,NA,NA,NA,NA,NA,NA,NA,NA,NA,NA,NA,NA,NA,NA,NA,NA,NA,NA,NA,NA,NA,NA,NA,NA,NA,21,NA,NA,258,228,179,176,303,193,180,66,494,172,224,313,491,614,786,1201,648,360,221,160,202,192,436,906,215,199,199,497,145,128,128,NA,NA,NA,NA,NA,NA,NA,NA,NA,NA,NA,NA
2233,HACKETT RIVER,NA,Taku,NA,NA,No current TTC Match,NA,NA,Stream,CK,58.26374657,-131.8121262,Current,CK-65,45171,N,1008,Taku-Late Timing,888,10191,N,HACKETT RIVER,58.26374657,-131.8121262,NuSEDS,NA,NA,NA,NA,NA,NA,NA,NA,NA,NA,NA,NA,NA,NA,NA,NA,NA,NA,NA,NA,NA,NA,NA,NA,NA,NA,NA,NA,NA,NA,NA,NA,NA,NA,NA,NA,NA,NA,NA,NA,NA,NA,NA,NA,NA,NA,NA,NA,NA,NA,NA,NA,NA,NA,NA,NA,NA,NA,NA,NA,NA,NA,NA,NA,NA,434,643,82,1021,515,NA,NA,NA,NA,NA,NA,NA,NA,NA,NA,NA,NA,NA,NA,NA,NA,NA,NA,NA,NA,NA,NA,NA,NA,NA,NA,NA,NA,NA,NA,NA,NA,NA,NA
2221,KOWATUA RIVER,Chinook,Taku,Taku River,Kowatua Aerial Index,NA,Aerial survey,3,Stream,CK,58.7716407,-132.2657128,Current,CK-65,45159,Y,1008,Taku-Late Timing,1197,10186,Y,KOWATUA RIVER,58.7716407,-132.2657128,TTC,NA,NA,NA,NA,NA,NA,NA,NA,NA,NA,NA,NA,NA,NA,NA,NA,NA,NA,NA,NA,NA,NA,NA,NA,NA,NA,NA,NA,NA,NA,NA,NA,NA,NA,NA,NA,NA,NA,NA,NA,NA,NA,NA,NA,NA,NA,NA,NA,NA,NA,NA,NA,NA,NA,NA,NA,341,580,490,430,450,560,289,171,279,699,548,570,1010,601,614,570,782,1584,410,550,1620,1360,473,561,702,1050,945,850,828,833,1180,262,690,408,716,377,402,708,384,622,303,272,202,361,505,544,425,616
2212,TATSATUA RIVER,Chinook,Taku,Taku River,Tatsamenie Aerial Index,Keep NuSEDS name.,Aerial survey,3,Stream,CK,58.53473781,-132.1429556,Current,CK-65,45155,Y,1008,Taku-Late Timing,2232,10185,Y,TATSATUA RIVER,58.464,-132.393,TTC,NA,NA,NA,NA,NA,NA,NA,NA,NA,NA,NA,NA,NA,NA,NA,NA,NA,NA,NA,NA,NA,NA,NA,NA,NA,NA,NA,NA,NA,NA,NA,NA,NA,NA,NA,NA,NA,NA,NA,NA,NA,NA,NA,NA,NA,NA,NA,NA,NA,NA,NA,NA,NA,NA,NA,NA,620,573,550,750,905,839,387,236,616,848,886,678,1272,1228,1068,1164,1624,1491,1106,678,2011,1148,675,431,953,1024,1145,1000,1396,1146,908,390,1083,633,821,917,660,438,376,434,92,179,121,330,390,358,527,505
2216,NAKINA RIVER,Chinook,Taku,Taku River,Nakina Aerial Index,Y_lat and X_long updated,Aerial survey,3,Stream,CK,59.00737,-133.15403,Current,CK-64,45158,Y,1007,Taku-Mid Timing,1564,10192,Y,NAKINA RIVER,59.00737,-133.15403,TTC,NA,NA,NA,NA,NA,NA,NA,NA,NA,NA,NA,NA,NA,NA,NA,NA,NA,NA,NA,NA,NA,NA,NA,NA,NA,NA,NA,NA,NA,NA,NA,NA,NA,NA,NA,NA,NA,NA,NA,NA,NA,NA,NA,NA,NA,NA,NA,NA,NA,NA,NA,NA,NA,NA,NA,1800,3000,3850,1620,2110,4500,5110,2533,968,1887,2647,3868,2906,4500,5141,7917,5610,5750,6490,4792,3943,7720,6095,2720,1900,2907,1552,4066,2126,4091,1213,1900,NA,1437,1698,1730,1380,1300,1623,1040,1340,800,301,765,1070,1249,1034,1263,1542
NA,CANYON ISLAND,Chum,Taku,Taku River,Canyon Island Fishwheel Raw Count,No NuSEDS match,Fish wheel,3,NA,CM,58.552425,-133.680472,NA,NA,NA,NA,1001,Taku,331,10305,N,CANYON ISLAND,58.552425,-133.680472,TTC,NA,NA,NA,NA,NA,NA,NA,NA,NA,NA,NA,NA,NA,NA,NA,NA,NA,NA,NA,NA,NA,NA,NA,NA,NA,NA,NA,NA,NA,NA,NA,NA,NA,NA,NA,NA,NA,NA,NA,NA,NA,NA,NA,NA,NA,NA,NA,NA,NA,NA,NA,NA,NA,NA,NA,NA,NA,NA,NA,NA,NA,NA,NA,NA,316,1376,80,1533,1089,645,748,1063,189,345,367,218,388,485,179,164,423,250,205,268,414,258,466,482,350,231,94,177,232,269,310,95,66,236,32,118,44,29,150,61
2332,KLUKSHU RIVER,Coho,Alsek,Alsek River,Klukshu Escapement,NA,Fence count,1,Stream,CO,60.11586335,-137.0362158,Current,CO-45,44856,Y,1013,Alsek,1180,10135,Y,KLUKSHU RIVER,60.11586335,-137.0362158,TTC,NA,NA,NA,NA,NA,NA,NA,NA,NA,NA,NA,NA,NA,NA,NA,NA,NA,NA,NA,NA,NA,NA,NA,NA,NA,NA,NA,NA,NA,NA,NA,NA,NA,NA,NA,NA,NA,NA,NA,NA,NA,NA,NA,NA,NA,NA,NA,NA,NA,NA,NA,NA,NA,NA,NA,NA,NA,NA,NA,NA,NA,NA,NA,NA,NA,NA,NA,NA,NA,NA,NA,8478,1145,788,1232,3564,3465,302,1961,2531,4791,746,9921,3689,750,663,420,299,4249,421,2361,2110,1272,7322,341,1810,2141,966,728,2180,3869,3559,971,11667
2192,BRONSON CREEK,Coho,Stikine,Stikine River,Bronson Slough Aerial Index,NA,Aerial survey,3,Stream,CO,56.6830666,-131.0695234,Current,CO-39,45140,N,1017,Lower Stikine,260,10159,N,BRONSON CREEK,56.6830666,-131.0695234,TTC,NA,NA,NA,NA,NA,NA,NA,NA,NA,NA,NA,NA,NA,NA,NA,NA,NA,NA,NA,NA,NA,NA,NA,NA,NA,NA,NA,NA,NA,NA,NA,NA,NA,NA,NA,NA,NA,NA,NA,NA,NA,NA,NA,NA,NA,NA,NA,NA,NA,NA,NA,NA,NA,NA,NA,NA,NA,NA,NA,NA,NA,NA,NA,NA,42,0,NA,NA,NA,120,NA,NA,NA,NA,NA,NA,NA,NA,NA,NA,NA,NA,NA,NA,NA,NA,NA,NA,NA,NA,NA,NA,NA,NA,NA,NA,NA,NA,NA,NA,NA,NA,NA,NA
2145,CHRISTINA CREEK,Coho,Stikine,Stikine River,Christina Creek Aerial Index,NA,Aerial survey,3,Stream,CO,57.24130661,-131.8530702,Current,CO-39,45493,N,1017,Lower Stikine,425,10163,N,CHRISTINA CREEK,57.24130661,-131.8530702,TTC,NA,NA,NA,NA,NA,NA,NA,NA,NA,NA,NA,NA,NA,NA,NA,NA,NA,NA,NA,NA,NA,NA,NA,NA,NA,NA,NA,NA,NA,NA,NA,NA,NA,NA,NA,NA,NA,NA,NA,NA,NA,NA,NA,NA,NA,NA,NA,NA,NA,NA,NA,NA,NA,NA,NA,NA,NA,NA,NA,NA,NA,NA,NA,NA,NA,NA,NA,NA,0,55,NA,NA,NA,NA,NA,NA,NA,NA,NA,NA,NA,NA,NA,NA,NA,NA,NA,NA,NA,NA,NA,NA,NA,NA,NA,NA,NA,NA,NA,NA,NA,NA,NA,NA
2186,CRAIG RIVER,Coho,Stikine,Stikine River,Craig River Aerial Index,NA,Aerial survey,3,Stream,CO,56.69594601,-131.3067439,Current,CO-39,45138,Y,1017,Lower Stikine,521,10158,Y,CRAIG RIVER,56.69594601,-131.3067439,TTC,NA,NA,NA,NA,NA,NA,NA,NA,NA,NA,NA,NA,NA,NA,NA,NA,NA,NA,NA,NA,NA,NA,NA,NA,NA,NA,NA,NA,NA,NA,NA,NA,NA,NA,NA,NA,NA,NA,NA,NA,NA,NA,NA,NA,NA,NA,NA,NA,NA,NA,NA,NA,NA,NA,NA,NA,NA,NA,NA,NA,NA,NA,NA,NA,0,735,NA,NA,NA,992,810,985,949,NA,1026,1419,205,19,141,891,NA,3121,4488,NA,19,444,675,567,535,475,31,459,NA,675,212,608,10,570,736,61,NA,1475,160,3311
2119,KATETE RIVER,Coho,Stikine,Stikine River,Katete River Aerial Index,NA,Aerial survey,3,Stream,CO,56.66608323,-131.8159447,Current,CO-39,45488,Y,1017,Lower Stikine,1088,10161,Y,KATETE RIVER,56.66608323,-131.8159447,TTC,NA,NA,NA,NA,NA,NA,NA,NA,NA,NA,NA,NA,NA,NA,NA,NA,NA,NA,NA,NA,NA,NA,NA,NA,NA,NA,NA,NA,NA,NA,NA,NA,NA,NA,NA,NA,NA,NA,NA,NA,NA,NA,NA,NA,NA,NA,NA,NA,NA,NA,NA,NA,NA,NA,NA,NA,NA,NA,NA,NA,NA,NA,NA,NA,313,1217,NA,NA,227,896,548,878,1346,NA,652,208,232,0,63,773,NA,1401,2642,NA,762,1195,543,190,NA,698,237,689,NA,191,255,168,0,538,185,50,NA,120,366,1713
2138,PORCUPINE RIVER,Coho,Stikine,Stikine River,Porcupine Slough Aerial Index,NA,Aerial survey,3,Stream,CO,57.06458095,-131.7451645,Current,CO-39,45491,Y,1017,Lower Stikine,1766,10162,Y,PORCUPINE RIVER,57.06458095,-131.7451645,TTC,NA,NA,NA,NA,NA,NA,NA,NA,NA,NA,NA,NA,NA,NA,NA,NA,NA,NA,NA,NA,NA,NA,NA,NA,NA,NA,NA,NA,NA,NA,NA,NA,NA,NA,NA,NA,NA,NA,NA,NA,NA,NA,NA,NA,NA,NA,NA,NA,NA,NA,NA,NA,NA,NA,NA,NA,NA,NA,NA,NA,NA,NA,NA,NA,NA,365,NA,NA,53,90,430,352,316,324,1105,719,1466,648,450,894,206,397,1626,NA,1009,689,147,341,25,617,953,468,336,53,509,263,40,77,460,48,199,60,26,175
2148,SCUD RIVER,Coho,Stikine,Stikine River,Scud Slough Aerial Index,NA,Aerial survey,3,Stream,CO,57.28013729,-131.8231643,Current,CO-39,45496,Y,1017,Lower Stikine,1949,10164,Y,SCUD RIVER,57.28013729,-131.8231643,TTC,NA,NA,NA,NA,NA,NA,NA,NA,NA,NA,NA,NA,NA,NA,NA,NA,NA,NA,NA,NA,NA,NA,NA,NA,NA,NA,NA,NA,NA,NA,NA,NA,NA,NA,NA,NA,NA,NA,NA,NA,NA,NA,NA,NA,NA,NA,NA,NA,NA,NA,NA,NA,NA,NA,NA,NA,NA,NA,NA,NA,NA,NA,NA,NA,NA,924,NA,NA,97,707,664,221,462,206,448,621,630,272,143,661,95,1571,1389,NA,173,218,95,153,86,16,130,437,3,23,138,61,90,36,128,190,NA,77,40,410
2193,VERRETT RIVER,Coho,Stikine,Stikine River,Verrett River Aerial Index,NA,Aerial survey,3,Stream,CO,56.69779686,-130.9972443,Current,CO-39,45142,Y,1017,Lower Stikine,2366,10160,Y,VERRETT RIVER,56.69779686,-130.9972443,TTC,NA,NA,NA,NA,NA,NA,NA,NA,NA,NA,NA,NA,NA,NA,NA,NA,NA,NA,NA,NA,NA,NA,NA,NA,NA,NA,NA,NA,NA,NA,NA,NA,NA,NA,NA,NA,NA,NA,NA,NA,NA,NA,NA,NA,NA,NA,NA,NA,NA,NA,NA,NA,NA,NA,NA,NA,NA,NA,NA,NA,NA,NA,NA,NA,15,39,NA,NA,175,848,494,218,320,NA,466,574,549,116,282,490,5,708,1695,NA,959,353,403,240,501,257,363,309,NA,249,74,66,152,189,22,48,NA,378,579,113
2571,WEST KATETE RIVER,Coho,Stikine,Stikine River,West Katete River Aerial Index,NA,Aerial survey,3,Stream,CO,56.63627003,-131.843732,Current,CO-39,44651,Y,1017,Lower Stikine,2435,10157,Y,WEST KATETE RIVER,56.63627003,-131.843732,TTC,NA,NA,NA,NA,NA,NA,NA,NA,NA,NA,NA,NA,NA,NA,NA,NA,NA,NA,NA,NA,NA,NA,NA,NA,NA,NA,NA,NA,NA,NA,NA,NA,NA,NA,NA,NA,NA,NA,NA,NA,NA,NA,NA,NA,NA,NA,NA,NA,NA,NA,NA,NA,NA,NA,NA,NA,NA,NA,NA,NA,NA,NA,NA,NA,147,590,NA,NA,32,336,94,302,295,NA,28,211,163,2,14,163,NA,207,806,NA,78,300,350,66,NA,212,37,182,NA,449,7,15,0,246,463,1,NA,346,137,1147
2225,DUDIDONTU RIVER,NA,Taku,NA,NA,No current TTC Match,NA,NA,Stream,CO,58.78941351,-131.9852257,Current,CO-43,45166,N,1034,Taku-Early Timing,644,10189,N,DUDIDONTU RIVER,58.78941351,-131.9852257,NuSEDS,NA,NA,NA,NA,NA,NA,NA,NA,NA,NA,NA,NA,NA,NA,NA,NA,NA,NA,NA,NA,NA,NA,NA,NA,NA,NA,NA,NA,NA,NA,NA,NA,NA,NA,NA,NA,NA,NA,NA,NA,NA,NA,NA,NA,NA,NA,NA,NA,NA,NA,NA,NA,NA,NA,NA,NA,NA,NA,NA,NA,NA,NA,NA,NA,NA,NA,108,276,367,115,25,458,NA,NA,NA,NA,NA,NA,NA,NA,NA,NA,NA,NA,NA,NA,NA,NA,NA,NA,NA,NA,NA,NA,NA,NA,NA,NA,NA,NA,NA,NA,NA,NA
2224,NAHLIN RIVER,NA,Taku,NA,NA,No current TTC Match,NA,NA,Stream,CO,58.77672495,-132.0933965,Current,CO-43,45163,N,1034,Taku-Early Timing,1559,10188,N,NAHLIN RIVER,58.77672495,-132.0933965,NuSEDS,NA,NA,NA,NA,NA,NA,NA,NA,NA,NA,NA,NA,NA,NA,NA,NA,NA,NA,NA,NA,NA,NA,NA,NA,NA,NA,NA,NA,NA,NA,NA,NA,NA,NA,NA,NA,NA,NA,NA,NA,NA,NA,NA,NA,NA,NA,NA,NA,NA,NA,NA,NA,NA,NA,NA,NA,NA,NA,NA,NA,NA,NA,NA,NA,NA,NA,318,165,1322,322,256,176,970,326,2112,14,4,NA,NA,NA,NA,NA,NA,NA,NA,NA,NA,NA,NA,NA,NA,NA,NA,NA,NA,NA,NA,NA,NA,NA,NA,NA,NA,NA
2208,FLANNIGAN SLOUGH,NA,Taku,NA,NA,No current TTC Match,NA,NA,Stream,CO,58.60894184,-133.566643,Current,CO-41,45150,N,1015,Taku-Late Timing,734,10182,N,FLANNIGAN SLOUGH,58.60894184,-133.566643,NuSEDS,NA,NA,NA,NA,NA,NA,NA,NA,NA,NA,NA,NA,NA,NA,NA,NA,NA,NA,NA,NA,NA,NA,NA,NA,NA,NA,NA,NA,NA,NA,NA,NA,NA,NA,NA,NA,NA,NA,NA,NA,NA,NA,NA,NA,NA,NA,NA,NA,NA,NA,NA,NA,NA,NA,NA,NA,NA,NA,NA,NA,NA,NA,NA,NA,1480,2320,1095,2100,1308,1670,414,1348,1288,70,50,421,278,NA,NA,NA,NA,NA,NA,NA,NA,NA,NA,NA,NA,NA,NA,NA,NA,NA,NA,NA,NA,NA,NA,NA,NA,NA,NA,NA
2233,HACKETT RIVER,NA,Taku,NA,NA,No current TTC Match,NA,NA,Stream,CO,58.26374657,-131.8121262,Current,CO-42,45170,N,1035,Taku-Mid Timing,888,10190,N,HACKETT RIVER,58.26374657,-131.8121262,NuSEDS,NA,NA,NA,NA,NA,NA,NA,NA,NA,NA,NA,NA,NA,NA,NA,NA,NA,NA,NA,NA,NA,NA,NA,NA,NA,NA,NA,NA,NA,NA,NA,NA,NA,NA,NA,NA,NA,NA,NA,NA,NA,NA,NA,NA,NA,NA,NA,NA,NA,NA,NA,NA,NA,NA,NA,NA,NA,NA,NA,NA,NA,NA,NA,NA,NA,1031,2723,1715,1260,NA,NA,NA,NA,NA,NA,NA,NA,NA,NA,NA,NA,NA,NA,NA,NA,NA,NA,NA,NA,NA,NA,NA,NA,NA,NA,NA,NA,NA,NA,NA,NA,NA,NA,NA
2222,LITTLE TRAPPER LAKE,NA,Taku,NA,NA,No current TTC Match,NA,NA,Lake,CO,58.49610145,-132.6049502,Current,CO-42,45161,N,1035,Taku-Mid Timing,1321,10187,N,LITTLE TRAPPER LAKE,58.49610145,-132.6049502,NuSEDS,NA,NA,NA,NA,NA,NA,NA,NA,NA,NA,NA,NA,NA,NA,NA,NA,NA,NA,NA,NA,NA,NA,NA,NA,NA,NA,NA,NA,NA,NA,NA,NA,NA,NA,NA,NA,NA,NA,7402,NA,NA,NA,NA,NA,NA,NA,NA,NA,NA,NA,NA,NA,NA,NA,NA,NA,NA,NA,NA,NA,NA,NA,NA,NA,NA,13084,NA,NA,NA,NA,NA,NA,NA,NA,NA,NA,NA,NA,NA,NA,NA,NA,NA,NA,NA,NA,NA,NA,NA,NA,NA,NA,NA,NA,NA,NA,NA,NA,NA,NA,NA,NA,NA,NA
2212,TATSATUA RIVER,NA,Taku,NA,NA,"Y_lat and X_long updated, Hard code data source and time series etc",NA,NA,Stream,CO,58.464,-132.393,Current,CO-42,45154,N,1035,Taku-Mid Timing,2232,10184,N,TATSATUA RIVER,58.464,-132.393,NuSEDS,NA,NA,NA,NA,NA,NA,NA,NA,NA,NA,NA,NA,NA,NA,NA,NA,NA,NA,NA,NA,NA,NA,NA,NA,NA,NA,NA,NA,NA,NA,NA,NA,NA,NA,NA,NA,NA,NA,NA,NA,NA,NA,NA,NA,NA,NA,NA,NA,NA,NA,NA,NA,NA,NA,NA,NA,NA,NA,NA,NA,NA,NA,NA,NA,NA,201,344,173,663,712,669,1101,730,88,168,NA,NA,NA,NA,NA,NA,NA,NA,NA,NA,NA,NA,NA,NA,NA,NA,NA,NA,NA,NA,NA,NA,NA,NA,NA,NA,NA,NA,NA
NA,CANYON ISLAND,Pink,Multiple/Other,Taku River,Canyon Island Fishwheel Raw Count,No NuSEDS match,Fish wheel,3,NA,PKE,58.552425,-133.680472,Current,PKE-13,NA,N,1019,Transboundary Fjords (even),331,10306,N,CANYON ISLAND,58.552425,-133.680472,TTC,NA,NA,NA,NA,NA,NA,NA,NA,NA,NA,NA,NA,NA,NA,NA,NA,NA,NA,NA,NA,NA,NA,NA,NA,NA,NA,NA,NA,NA,NA,NA,NA,NA,NA,NA,NA,NA,NA,NA,NA,NA,NA,NA,NA,NA,NA,NA,NA,NA,NA,NA,NA,NA,NA,NA,NA,NA,NA,NA,NA,NA,NA,NA,NA,20751,NA,7256,NA,3982,NA,13358,NA,9252,NA,27100,NA,21583,NA,23347,NA,6529,NA,5672,NA,8464,NA,21725,NA,4704,NA,8868,NA,5826,NA,2436,NA,1369,NA,1604,NA,4739,NA,2042,NA
2216,NAKINA RIVER,NA,Multiple/Other,NA,NA,No current TTC Match. Y_lat and X_long updated,NA,NA,Stream,PKE,59.114,-133.001,Current,PKE-13,45157,N,1019,Transboundary Fjords (even),1565,10153,N,NAKINA RIVER,59.114,-133.001,NuSEDS,NA,NA,NA,NA,NA,NA,NA,NA,NA,NA,NA,NA,NA,NA,NA,NA,NA,NA,NA,NA,NA,NA,NA,NA,NA,NA,NA,NA,NA,NA,NA,NA,NA,NA,NA,NA,NA,NA,NA,NA,NA,NA,NA,NA,NA,NA,NA,NA,NA,NA,NA,NA,NA,NA,NA,NA,NA,NA,NA,NA,NA,NA,NA,NA,3414,NA,274,NA,347,NA,346,NA,NA,NA,9433,NA,113,NA,5000,NA,NA,NA,NA,NA,NA,NA,NA,NA,NA,NA,NA,NA,NA,NA,NA,NA,NA,NA,NA,NA,NA,NA,NA,NA
NA,CANYON ISLAND,Pink,Multiple/Other,Taku River,Canyon Island Fishwheel Raw Count,No NuSEDS match,Fish wheel,3,NA,PKO,58.552425,-133.680472,Current,PKO-19,NA,N,1020,Transboundary Fjords (odd),331,10307,N,CANYON ISLAND,58.552425,-133.680472,TTC,NA,NA,NA,NA,NA,NA,NA,NA,NA,NA,NA,NA,NA,NA,NA,NA,NA,NA,NA,NA,NA,NA,NA,NA,NA,NA,NA,NA,NA,NA,NA,NA,NA,NA,NA,NA,NA,NA,NA,NA,NA,NA,NA,NA,NA,NA,NA,NA,NA,NA,NA,NA,NA,NA,NA,NA,NA,NA,NA,NA,NA,NA,NA,NA,NA,27670,NA,42786,NA,31189,NA,23553,NA,1625,NA,1712,NA,4962,NA,23503,NA,9134,NA,15492,NA,15839,NA,12405,NA,9234,NA,17775,NA,4666,NA,24246,NA,18520,NA,16971,NA,26950,NA,7097
2216,NAKINA RIVER,NA,Multiple/Other,NA,NA,No current TTC Match. Y_lat and X_long updated,NA,NA,Stream,PKO,59.114,-133.001,Current,PKO-19,45157,N,1020,Transboundary Fjords (odd),1565,10154,N,NAKINA RIVER,59.114,-133.001,NuSEDS,NA,NA,NA,NA,NA,NA,NA,NA,NA,NA,NA,NA,NA,NA,NA,NA,NA,NA,NA,NA,NA,NA,NA,NA,NA,NA,NA,NA,NA,NA,NA,NA,NA,NA,NA,NA,NA,NA,NA,NA,NA,NA,NA,NA,NA,NA,NA,NA,NA,NA,NA,NA,NA,NA,NA,NA,NA,NA,NA,NA,NA,NA,NA,NA,NA,45111,NA,30332,NA,4496,NA,1337,NA,3,NA,NA,NA,234,NA,NA,NA,NA,NA,NA,NA,NA,NA,NA,NA,NA,NA,NA,NA,NA,NA,NA,NA,NA,NA,NA,NA,NA,NA,NA
2145,CHRISTINA CREEK,Sockeye,Stikine,Stikine River,Christina Creek Aerial Index,NA,Aerial survey,3,Stream,SEL,57.24130661,-131.8530702,Current,SEL-26-01,45492,N,1025,Christina,425,10155,N,CHRISTINA CREEK,57.24130661,-131.8530702,TTC,NA,NA,NA,NA,NA,NA,NA,NA,NA,NA,NA,NA,NA,NA,NA,NA,NA,NA,NA,NA,NA,NA,NA,NA,NA,NA,NA,NA,NA,NA,NA,NA,NA,NA,NA,NA,NA,NA,NA,NA,NA,NA,NA,NA,NA,NA,NA,NA,NA,NA,NA,NA,NA,NA,NA,NA,NA,NA,NA,NA,NA,NA,NA,NA,130,67,0,6,7,10,4,NA,50,28,NA,NA,NA,NA,NA,NA,NA,NA,NA,NA,NA,NA,NA,0,0,NA,0,NA,NA,NA,NA,NA,NA,NA,NA,NA,NA,NA,NA,NA
2196,CHUTINE RIVER,Sockeye,Stikine,Stikine River,Chutine River Aerial Index,NA,Aerial survey,3,Stream,SEL,57.65300133,-131.6324045,Current,SEL-26-03,45143,Y,1036,Chutine,430,10156,Y,CHUTINE RIVER,57.65300133,-131.6324045,TTC,NA,NA,NA,NA,NA,NA,NA,NA,NA,NA,NA,NA,NA,NA,NA,NA,NA,NA,NA,NA,NA,NA,NA,NA,NA,NA,NA,NA,NA,NA,NA,NA,NA,NA,NA,NA,NA,NA,NA,NA,NA,NA,NA,NA,NA,NA,NA,NA,NA,NA,NA,NA,NA,NA,NA,NA,NA,NA,NA,NA,NA,NA,NA,NA,526,253,139,6,14,29,24,0,164,57,267,13,134,204,230,56,47,601,239,240,245,66,276,0,83,51,103,NA,0,2,52,NA,2,141,19,86,29,47,276,90
2818,KING SALMON LAKE,Sockeye,Taku,Taku River,King Salmon Total Spawning Escapement,NA,Fence count minus harvest,1,Lake,SEL,58.71621714,-132.9435494,Current,SEL-28-05,3444,Y,1033,King Salmon,1134,10173,Y,KING SALMON LAKE,58.71621714,-132.9435494,TTC,NA,NA,NA,NA,NA,NA,NA,NA,NA,NA,NA,NA,NA,NA,NA,NA,NA,NA,NA,NA,NA,NA,NA,NA,NA,NA,NA,NA,NA,NA,NA,NA,NA,NA,NA,NA,NA,NA,NA,NA,NA,NA,NA,NA,NA,NA,NA,NA,NA,NA,NA,NA,NA,NA,NA,NA,NA,NA,NA,NA,NA,NA,NA,NA,NA,NA,NA,NA,NA,NA,NA,NA,NA,NA,NA,NA,NA,NA,NA,NA,NA,NA,NA,NA,5005,1046,2177,5,888,1100,2977,2899,6763,470,910,1683,6404,439,3375,4294,17330,6839,9385,2893
2332,KLUKSHU RIVER,Sockeye,Alsek,Alsek River,Klukshu - Escapement,NA,Fence count minus harvest,1,Stream,SEL,60.11586335,-137.0362158,Current,SEL-30-02,44855,Y,1038,Klukshu,1180,10137,Y,KLUKSHU RIVER,60.11586335,-137.0362158,TTC,NA,NA,NA,NA,NA,NA,NA,NA,NA,NA,NA,NA,NA,NA,NA,NA,NA,NA,NA,NA,NA,NA,NA,NA,NA,NA,NA,NA,NA,NA,NA,NA,NA,NA,NA,NA,NA,NA,NA,NA,NA,NA,NA,NA,NA,NA,NA,NA,NA,NA,NA,NA,NA,NA,NA,NA,7941,15441,19017,7051,10850,18448,28899,18017,10227,17259,22936,9346,7737,21636,24607,17645,18269,14921,13892,19817,7891,11303,13580,5101,5422,9329,23587,32120,13721,3167,12890,8310,2741,5528,18546,20782,17176,3792,12148,11363,7391,3711,7143,18749,4287,25691,29629,13690
2490,KUTHAI LAKE,Sockeye,Taku,Taku River,Kuthai Lake Spawning Escapement Total,NA,Fence count minus broodstock,1,Lake,SEL,59.23088759,-133.2336383,Current,SEL-28-01,44575,Y,1027,Kuthai,1230,10174,Y,KUTHAI LAKE,59.23088759,-133.2336383,TTC,NA,NA,NA,NA,NA,NA,NA,NA,NA,NA,NA,NA,NA,NA,NA,NA,NA,NA,NA,NA,NA,NA,NA,NA,NA,NA,NA,NA,NA,NA,NA,NA,NA,NA,NA,NA,NA,NA,NA,NA,NA,NA,NA,NA,NA,NA,NA,NA,NA,NA,NA,NA,NA,NA,NA,NA,NA,NA,NA,NA,1658,2299,NA,NA,NA,NA,NA,NA,NA,NA,NA,NA,1457,6312,5427,3310,4243,5746,1934,10042,4096,1663,7697,7769,1578,6004,1015,204,1547,1442,1626,811,182,1195,208,341,1476,299,13,605,4131,26,1084,125
2222,LITTLE TRAPPER LAKE,Sockeye,Taku,Taku River,Little Trapper Spawning Escapement Total,NA,Fence count minus broodstock,1,Lake,SEL,58.49610145,-132.6049502,Current,SEL-28-02,45160,Y,1028,Little Trapper,1321,10175,Y,LITTLE TRAPPER LAKE,58.49610145,-132.6049502,TTC,NA,NA,NA,NA,NA,NA,NA,NA,NA,NA,NA,NA,NA,NA,NA,NA,NA,NA,NA,NA,NA,NA,NA,NA,NA,NA,NA,NA,NA,NA,NA,NA,NA,NA,NA,NA,NA,NA,NA,NA,NA,NA,NA,NA,NA,NA,NA,NA,NA,NA,NA,NA,NA,NA,NA,NA,NA,NA,NA,NA,NA,NA,NA,7402,13084,14889,13820,12007,10637,9606,7777,21001,12732,16685,12691,11524,5483,5924,8717,11805,11551,16860,7973,31227,9613,16009,24557,6340,2791,5443,3387,3809,10015,4840,6707,13253,7594,6376,8249,6140,7312,18913,9846,5558
2339,NESKETAHIN LAKE,Sockeye,Alsek,Alsek River,Neskataheen Lake Aerial Index,NA,Aerial survey,3,Lake,SEL,60.17402558,-137.0754633,Current,SEL-30-03,44862,N,1039,Nesketahin,1602,10138,N,NESKETAHIN LAKE,60.17402558,-137.0754633,TTC,NA,NA,NA,NA,NA,NA,NA,NA,NA,NA,NA,NA,NA,NA,NA,NA,NA,NA,NA,NA,NA,NA,NA,NA,NA,NA,NA,NA,NA,NA,NA,NA,NA,NA,NA,NA,NA,NA,NA,NA,NA,NA,NA,NA,NA,NA,NA,NA,NA,NA,NA,NA,NA,NA,NA,NA,NA,NA,NA,NA,NA,NA,NA,NA,NA,NA,750,NA,456,1700,NA,NA,NA,NA,NA,NA,NA,NA,NA,NA,NA,NA,NA,NA,NA,NA,NA,NA,1000,4500,2500,150,2038,NA,700,NA,NA,NA,NA,NA,NA,NA,NA,NA
2338,VILLAGE CREEK,Sockeye,Alsek,Alsek River,Village Creek Counter,NA,Counter - mixed,1,Stream,SEL,60.12637275,-137.0778338,Current,SEL-30-03,44861,Y,1039,Nesketahin,2371,10136,Y,VILLAGE CREEK,60.12637275,-137.0778338,TTC,NA,NA,NA,NA,NA,NA,NA,NA,NA,NA,NA,NA,NA,NA,NA,NA,NA,NA,NA,NA,NA,NA,NA,NA,NA,NA,NA,NA,NA,NA,NA,NA,NA,NA,NA,NA,NA,NA,NA,NA,NA,NA,NA,NA,NA,NA,NA,NA,NA,NA,NA,NA,NA,NA,NA,NA,NA,NA,NA,NA,NA,NA,NA,NA,NA,NA,1490,1875,433,9569,5313,86,7447,2104,3921,4042,1583,2267,826,NA,1860,1897,2765,2778,1968,1408,979,10254,NA,887,2305,355,1372,129,189,NA,410,240,97,1497,65,685,461,285
2199,TAHLTAN RIVER,Sockeye,Stikine,Stikine River,Tahltan Lake - Counts after harvest samples,Includes wild and enhanced; back to 1959 in App B.32,Fence count,1,Stream,SEL,58.00994991,-130.9812919,Current,SEL-26-02,45144,Y,1026,Tahltan,2193,10172,Y,TAHLTAN RIVER,58.00994991,-130.9812919,TTC,NA,NA,NA,NA,NA,NA,NA,NA,NA,NA,NA,NA,NA,NA,NA,NA,NA,NA,NA,NA,NA,NA,NA,NA,NA,NA,NA,NA,NA,NA,NA,NA,NA,NA,NA,NA,NA,NA,NA,4311,6387,16519,14508,1780,18353,1471,21580,38802,19726,11805,8430,18523,52454,2864,8101,8159,24111,42960,22788,10211,11018,50790,28257,21256,32777,67326,20280,6958,2536,8316,14927,50135,59907,51610,39511,31577,38161,12105,12268,10319,5670,14761,17340,53533,62952,43046,53455,20874,10416,30324,22702,34248,13463,15828,39745,33159,38458,19241,16350,36787,11158,42846,52772,37359
2211,TATSAMENIE LAKE,Sockeye,Taku,Taku River,Tatsamenie Spawning Escapement Total,"Name changed, y_lat and x_long updated. Hard code data only from TTC",Fence count,1,Stream,SEL,58.410414,-132.36855,Current,SEL-28-03,45151,Y,1029,Tatsamenie,2231,10193,Y,TATSAMENIE LAKE,58.410414,-132.36855,TTC,NA,NA,NA,NA,NA,NA,NA,NA,NA,NA,NA,NA,NA,NA,NA,NA,NA,NA,NA,NA,NA,NA,NA,NA,NA,NA,NA,NA,NA,NA,NA,NA,NA,NA,NA,NA,NA,NA,NA,NA,NA,NA,NA,NA,NA,NA,NA,NA,NA,NA,NA,NA,NA,NA,NA,NA,NA,NA,NA,NA,NA,NA,NA,NA,NA,NA,NA,NA,NA,NA,NA,NA,NA,NA,NA,4387,8026,5981,4735,1888,5570,19579,4379,2965,1357,2445,19820,8384,6176,1292,2113,6580,14305,8946,1348,939,31434,25697,3782,2508,2506,23906,20902,10566
2212,TATSATUA RIVER,NA,Taku,NA,NA,"Y_lat and X_long updated, revise to SEL CU. Hard code data restriction",NA,NA,Stream,SEL,58.464,-132.393,Current,SEL-28-02,45153,N,1029,Tatsamenie,2232,10146,N,TATSATUA RIVER,58.464,-132.393,NuSEDS,NA,NA,NA,NA,NA,NA,NA,NA,NA,NA,NA,NA,NA,NA,NA,NA,NA,NA,NA,NA,NA,NA,NA,NA,NA,NA,NA,NA,NA,NA,NA,NA,NA,NA,NA,NA,NA,NA,NA,NA,NA,NA,NA,NA,NA,NA,NA,NA,NA,NA,NA,NA,NA,NA,NA,NA,NA,NA,NA,NA,NA,NA,NA,NA,NA,13093,11446,2794,2063,3039,5736,8381,6576,5028,4371,NA,NA,NA,NA,NA,NA,NA,NA,NA,NA,NA,NA,NA,NA,NA,NA,NA,NA,NA,NA,NA,NA,NA,NA,NA,NA,NA,NA,NA
2324,ALSEK RIVER,Sockeye,Alsek,Alsek River,Spawning Escapement,NA,Multiple,2,Stream,SER,59.4439652,-137.9907846,Current,SER-24,3339,N,1021,Alsek (river-type),41,10133,N,ALSEK RIVER,59.4439652,-137.9907846,TTC,NA,NA,NA,NA,NA,NA,NA,NA,NA,NA,NA,NA,NA,NA,NA,NA,NA,NA,NA,NA,NA,NA,NA,NA,NA,NA,NA,NA,NA,NA,NA,NA,NA,NA,NA,NA,NA,NA,NA,NA,NA,NA,NA,NA,NA,NA,NA,NA,NA,NA,NA,NA,NA,NA,NA,NA,NA,NA,NA,NA,NA,NA,NA,NA,NA,NA,NA,NA,NA,NA,NA,NA,NA,NA,NA,NA,NA,NA,NA,NA,37142,29987,93172,100712,81581,57223,47574,NA,NA,NA,NA,83899,76598,83771,87093,63709,58836,101564,NA,81883,13071,99798,134418,39229
2325,TATSHENSHINI RIVER,Sockeye,Alsek,Alsek River,Tatshenshini River Aerial Index,NA,Aerial survey,3,Stream,SER,59.47055435,-137.7414747,Current,SER-24,44854,N,1021,Alsek (river-type),2234,10134,N,TATSHENSHINI RIVER,59.47055435,-137.7414747,NuSEDS,NA,NA,NA,NA,NA,NA,NA,NA,NA,NA,NA,NA,NA,NA,NA,NA,NA,NA,NA,NA,NA,NA,NA,NA,NA,NA,NA,NA,NA,NA,NA,NA,NA,NA,NA,NA,NA,NA,NA,NA,NA,NA,NA,NA,NA,NA,NA,NA,NA,NA,NA,NA,NA,NA,NA,NA,NA,NA,NA,NA,NA,NA,NA,NA,NA,NA,536,NA,433,1689,NA,NA,NA,NA,366,NA,NA,NA,NA,NA,NA,NA,NA,NA,NA,NA,NA,NA,NA,NA,NA,NA,NA,NA,NA,NA,NA,NA,NA,NA,NA,NA,NA,NA
2192,BRONSON CREEK,Sockeye,Multiple/Other,Stikine River,Bronson Slough Aerial Index,NA,Aerial survey,3,Stream,SER,56.6830666,-131.0695234,Current,SER-22,45139,Y,1023,Northern Transboundary Fjords (river-type),260,10142,Y,BRONSON CREEK,56.6830666,-131.0695234,TTC,NA,NA,NA,NA,NA,NA,NA,NA,NA,NA,NA,NA,NA,NA,NA,NA,NA,NA,NA,NA,NA,NA,NA,NA,NA,NA,NA,NA,NA,NA,NA,NA,NA,NA,NA,NA,NA,NA,NA,NA,NA,NA,NA,NA,NA,NA,NA,NA,NA,NA,NA,NA,NA,NA,NA,NA,NA,NA,NA,NA,NA,NA,NA,NA,NA,NA,NA,NA,NA,60,0,32,138,79,62,72,27,12,9,54,32,163,13,0,0,23,0,3,0,0,0,NA,NA,6,0,NA,0,0,NA,NA,NA,NA,NA,NA
2186,CRAIG RIVER,Sockeye,Multiple/Other,Stikine River,Craig River Aerial Index,NA,Aerial survey,3,Stream,SER,56.69594601,-131.3067439,Current,SER-22,45137,N,1023,Northern Transboundary Fjords (river-type),521,10141,N,CRAIG RIVER,56.69594601,-131.3067439,TTC,NA,NA,NA,NA,NA,NA,NA,NA,NA,NA,NA,NA,NA,NA,NA,NA,NA,NA,NA,NA,NA,NA,NA,NA,NA,NA,NA,NA,NA,NA,NA,NA,NA,NA,NA,NA,NA,NA,NA,NA,NA,NA,NA,NA,NA,NA,NA,NA,NA,NA,NA,NA,NA,NA,NA,NA,NA,NA,NA,NA,NA,NA,NA,NA,102,27,0,30,0,60,0,7,17,2,NA,NA,NA,NA,NA,NA,NA,NA,NA,NA,NA,NA,NA,NA,NA,NA,NA,NA,NA,NA,NA,NA,NA,NA,NA,NA,NA,NA,NA,NA
2233,HACKETT RIVER,NA,Multiple/Other,NA,NA,No current TTC Match,NA,NA,Stream,SER,58.26374657,-131.8121262,Current,SER-22,45169,N,1023,Northern Transboundary Fjords (river-type),888,10149,N,HACKETT RIVER,58.26374657,-131.8121262,NuSEDS,NA,NA,NA,NA,NA,NA,NA,NA,NA,NA,NA,NA,NA,NA,NA,NA,NA,NA,NA,NA,NA,NA,NA,NA,NA,NA,NA,NA,NA,NA,NA,NA,NA,NA,NA,NA,NA,NA,NA,NA,NA,NA,NA,NA,NA,NA,NA,NA,NA,NA,NA,NA,NA,NA,NA,NA,NA,NA,NA,NA,NA,NA,NA,NA,NA,2309,1004,910,516,NA,NA,NA,NA,NA,NA,NA,NA,NA,NA,NA,NA,NA,NA,NA,NA,NA,NA,NA,NA,NA,NA,NA,NA,NA,NA,NA,NA,NA,NA,NA,NA,NA,NA,NA
2224,NAHLIN RIVER,Sockeye,Multiple/Other,Taku River,Nahlin River Weir,NA,Fence count minus broodstocl,1,Stream,SER,58.77672495,-132.0933965,Current,SER-22,45162,N,1023,Northern Transboundary Fjords (river-type),1559,10148,N,NAHLIN RIVER,58.77672495,-132.0933965,TTC,NA,NA,NA,NA,NA,NA,NA,NA,NA,NA,NA,NA,NA,NA,NA,NA,NA,NA,NA,NA,NA,NA,NA,NA,NA,NA,NA,NA,NA,NA,NA,NA,NA,NA,NA,NA,NA,NA,NA,NA,NA,NA,NA,NA,NA,NA,NA,NA,NA,NA,NA,NA,NA,NA,NA,NA,NA,NA,NA,NA,NA,NA,NA,NA,NA,NA,NA,NA,138,NA,2515,NA,297,2463,960,3711,2538,1857,345,NA,NA,935,NA,NA,NA,NA,NA,NA,NA,NA,NA,NA,NA,NA,NA,NA,NA,NA,NA,NA,NA,NA,NA,NA
2216,NAKINA RIVER,NA,Multiple/Other,NA,NA,No current TTC Match. Y_lat and X_long updated,NA,NA,Stream,SER,59.114,-133.001,Current,SER-22,45156,N,1023,Northern Transboundary Fjords (river-type),1565,10147,N,NAKINA RIVER,59.114,-133.001,NuSEDS,NA,NA,NA,NA,NA,NA,NA,NA,NA,NA,NA,NA,NA,NA,NA,NA,NA,NA,NA,NA,NA,NA,NA,NA,NA,NA,NA,NA,NA,NA,NA,NA,NA,NA,NA,NA,NA,NA,NA,NA,NA,NA,NA,NA,NA,NA,NA,NA,NA,NA,NA,NA,NA,NA,NA,NA,NA,NA,NA,NA,NA,NA,NA,NA,NA,812,704,337,499,1108,778,520,NA,15,141,98,17,NA,NA,NA,NA,NA,NA,NA,NA,NA,47,NA,NA,NA,NA,NA,NA,NA,NA,NA,NA,NA,NA,NA,NA,NA,NA,NA
2138,PORCUPINE RIVER,Sockeye,Multiple/Other,Stikine River,Porcupine Slough Aerial Index,NA,Aerial survey,3,Stream,SER,57.06458095,-131.7451645,Current,SER-22,45490,Y,1023,Northern Transboundary Fjords (river-type),1766,10151,Y,PORCUPINE RIVER,57.06458095,-131.7451645,TTC,NA,NA,NA,NA,NA,NA,NA,NA,NA,NA,NA,NA,NA,NA,NA,NA,NA,NA,NA,NA,NA,NA,NA,NA,NA,NA,NA,NA,NA,NA,NA,NA,NA,NA,NA,NA,NA,NA,NA,NA,NA,NA,NA,NA,NA,NA,NA,NA,NA,NA,NA,NA,NA,NA,NA,NA,NA,NA,NA,NA,NA,NA,NA,NA,69,69,6,62,22,133,31,61,90,141,66,11,149,25,89,64,86,268,95,239,56,111,59,34,33,0,187,NA,15,151,22,NA,6,13,4,0,18,145,0,73
2148,SCUD RIVER,Sockeye,Multiple/Other,Stikine River,Scud River Aerial Index,NA,Aerial survey,3,Stream,SER,57.28013729,-131.8231643,Current,SER-22,45495,Y,1023,Northern Transboundary Fjords (river-type),1949,10152,Y,SCUD RIVER,57.28013729,-131.8231643,TTC,NA,NA,NA,NA,NA,NA,NA,NA,NA,NA,NA,NA,NA,NA,NA,NA,NA,NA,NA,NA,NA,NA,NA,NA,NA,NA,NA,NA,NA,NA,NA,NA,NA,NA,NA,NA,NA,NA,NA,NA,NA,NA,NA,NA,NA,NA,NA,NA,NA,NA,NA,NA,NA,NA,NA,NA,NA,NA,NA,NA,NA,NA,NA,NA,769,282,151,490,219,269,301,100,1242,321,292,260,351,271,246,301,86,2037,216,71,262,124,288,17,41,45,300,NA,0,22,332,NA,16,5,9,232,69,0,381,356
2118,STIKINE RIVER,Sockeye,Multiple/Other,Stikine River,Escapement - Mainstem,NA,Mark-recapture,2,Stream,SER,56.65763571,-131.8489365,Current,SER-22,45487,Y,1023,Northern Transboundary Fjords (river-type),2144,10150,Y,STIKINE RIVER,56.65763571,-131.8489365,TTC,NA,NA,NA,NA,NA,NA,NA,NA,NA,NA,NA,NA,NA,NA,NA,NA,NA,NA,NA,NA,NA,NA,NA,NA,NA,NA,NA,NA,NA,NA,NA,NA,NA,NA,NA,NA,NA,NA,NA,NA,NA,NA,NA,NA,NA,NA,NA,NA,NA,NA,NA,NA,NA,NA,NA,NA,NA,NA,NA,16608,30806,61072,19964,29307,38107,90617,30910,21023,22841,45103,22638,44880,65392,71792,34636,42850,45852,37436,19175,6071,10132,40855,27154,57972,36728,34788,27603,20865,16178,17148,24831,29393,33812,27091,19691,26432,28646,11678,12159,23174,7126,31896,45250,18060
2203,TAKU RIVER,Sockeye,Multiple/Other,Taku River,Natural Spawning Escapement,NA,Mark-recapture,2,Stream,SER,58.58141871,-133.6555912,Current,SER-22,45148,Y,1023,Northern Transboundary Fjords (river-type),2205,10145,Y,TAKU RIVER,58.58141871,-133.6555912,TTC,NA,NA,NA,NA,NA,NA,NA,NA,NA,NA,NA,NA,NA,NA,NA,NA,NA,NA,NA,NA,NA,NA,NA,NA,NA,NA,NA,NA,NA,NA,NA,NA,NA,NA,NA,NA,NA,NA,NA,NA,NA,NA,NA,NA,NA,NA,NA,NA,NA,NA,NA,NA,NA,NA,NA,NA,NA,NA,NA,NA,NA,NA,NA,NA,NA,NA,NA,NA,NA,NA,NA,NA,NA,NA,NA,NA,NA,NA,NA,NA,NA,NA,NA,NA,46751,38963,34167,24522,43280,38431,48583,42174,39842,46611,40655,65843,60275,26258,50121,66658,68229,111664,49179,82376
2155,TUYA RIVER,NA,Multiple/Other,NA,NA,No current TTC Match,NA,NA,Stream,SER,58.04071524,-130.8513656,Current,SER-22,45135,N,1023,Northern Transboundary Fjords (river-type),2328,10140,N,TUYA RIVER,58.04071524,-130.8513656,NuSEDS,NA,NA,NA,NA,NA,NA,NA,NA,NA,NA,NA,NA,NA,NA,NA,NA,NA,NA,NA,NA,NA,NA,NA,NA,NA,NA,NA,NA,NA,NA,NA,NA,NA,NA,NA,NA,NA,NA,NA,NA,NA,NA,NA,NA,NA,NA,NA,NA,NA,NA,NA,NA,NA,NA,NA,NA,NA,NA,NA,NA,NA,NA,NA,NA,NA,NA,NA,NA,NA,NA,NA,NA,NA,NA,NA,1104,10239,7919,8531,3411,NA,NA,NA,NA,NA,3325,27664,18176,NA,NA,NA,NA,NA,NA,NA,NA,NA,NA,NA,NA,NA,NA,NA,NA
2193,VERRETT RIVER,Sockeye,Multiple/Other,Stikine River,Verret River Aerial Index,NA,Aerial survey,3,Stream,SER,56.69779686,-130.9972443,Current,SER-22,45141,Y,1023,Northern Transboundary Fjords (river-type),2366,10144,Y,VERRETT RIVER,56.69779686,-130.9972443,TTC,NA,NA,NA,NA,NA,NA,NA,NA,NA,NA,NA,NA,NA,NA,NA,NA,NA,NA,NA,NA,NA,NA,NA,NA,NA,NA,NA,NA,NA,NA,NA,NA,NA,NA,NA,NA,NA,NA,NA,NA,NA,NA,NA,NA,NA,NA,NA,NA,NA,NA,NA,NA,NA,NA,NA,NA,NA,NA,NA,NA,NA,NA,NA,NA,640,383,270,103,114,180,301,179,163,107,147,47,54,116,183,98,0,217,353,54,85,158,140,45,15,17,310,NA,NA,16,172,NA,46,57,49,113,53,24,79,164
2570,VERRETT SLOUGHS,Sockeye,Multiple/Other,Stikine River,Verret Sloughs Aerial Index,NA,Aerial survey,3,Slough,SER,56.69486324,-130.980493,Current,SER-22,44650,Y,1023,Northern Transboundary Fjords (river-type),2367,10139,Y,VERRETT SLOUGH,56.69486324,-130.980493,TTC,NA,NA,NA,NA,NA,NA,NA,NA,NA,NA,NA,NA,NA,NA,NA,NA,NA,NA,NA,NA,NA,NA,NA,NA,NA,NA,NA,NA,NA,NA,NA,NA,NA,NA,NA,NA,NA,NA,NA,NA,NA,NA,NA,NA,NA,NA,NA,NA,NA,NA,NA,NA,NA,NA,NA,NA,NA,NA,NA,NA,NA,NA,NA,NA,NA,NA,NA,NA,NA,68,82,8,22,142,114,31,338,32,135,78,90,232,0,0,0,76,180,21,231,0,217,NA,NA,94,67,NA,6,17,38,62,19,77,70,32
NA,CANYON ISLAND,Steelhead,Taku,Taku River,Canyon Island Fishwheel Raw Count,No NuSEDS match,Fish wheel,3,NA,SH,58.552425,-133.680472,NA,NA,NA,NA,1081,Taku Summer,330,10309,N,CANYON ISLAND,58.510451,-133.806583,TTC,NA,NA,NA,NA,NA,NA,NA,NA,NA,NA,NA,NA,NA,NA,NA,NA,NA,NA,NA,NA,NA,NA,NA,NA,NA,NA,NA,NA,NA,NA,NA,NA,NA,NA,NA,NA,NA,NA,NA,NA,NA,NA,NA,NA,NA,NA,NA,NA,NA,NA,NA,NA,NA,NA,NA,NA,NA,NA,NA,NA,NA,NA,NA,NA,NA,NA,NA,34,34,38,43,138,22,16,107,61,68,103,119,119,160,125,87,93,63,79,47,57,NA,52,176,93,24,11,NA,47,NA,NA,12,NA,NA,NA,NA,9
