River,FAZ,SPECIES,PSF_CU_NAME,CU_NAME,Species_CU_INDEX,Year,SumMaxEstAll,NumSitesAll,SumMaxEstH,NumSitesH,SumMaxEstHM,NumSitesHM,SumMaxEstL,NumSitesL,SumMaxEstUNK,NumSitesUNK,PercLUNK
Alsek,Alsek,CK,ALSEK,ALSEK,CK-67,1976,1153,1,NA,NA,NA,NA,NA,NA,1153,1,100
Alsek,Alsek,CK,ALSEK,ALSEK,CK-67,1977,2894,1,NA,NA,NA,NA,NA,NA,2894,1,100
Alsek,Alsek,CK,ALSEK,ALSEK,CK-67,1978,2676,1,NA,NA,NA,NA,NA,NA,2676,1,100
Alsek,Alsek,CK,ALSEK,ALSEK,CK-67,1979,2454,1,NA,NA,NA,NA,NA,NA,2454,1,100
Alsek,Alsek,CK,ALSEK,ALSEK,CK-67,1980,2487,1,NA,NA,NA,NA,NA,NA,2487,1,100
Alsek,Alsek,CK,ALSEK,ALSEK,CK-67,1981,1963,1,NA,NA,NA,NA,NA,NA,1963,1,100
Alsek,Alsek,CK,ALSEK,ALSEK,CK-67,1982,1969,1,NA,NA,NA,NA,NA,NA,1969,1,100
Alsek,Alsek,CK,ALSEK,ALSEK,CK-67,1983,2237,1,NA,NA,NA,NA,NA,NA,2237,1,100
Alsek,Alsek,CK,ALSEK,ALSEK,CK-67,1984,2062,4,NA,NA,304,1,NA,NA,1758,3,85.3
Alsek,Alsek,CK,ALSEK,ALSEK,CK-67,1985,1699,3,NA,NA,232,1,NA,NA,1467,2,86.3
Alsek,Alsek,CK,ALSEK,ALSEK,CK-67,1986,3663,4,NA,NA,556,1,NA,NA,3107,3,84.8
Alsek,Alsek,CK,ALSEK,ALSEK,CK-67,1987,3595,4,NA,NA,624,1,NA,NA,2971,3,82.6
Alsek,Alsek,CK,ALSEK,ALSEK,CK-67,1988,2654,4,NA,NA,437,1,NA,NA,2217,3,83.5
Alsek,Alsek,CK,ALSEK,ALSEK,CK-67,1989,2481,3,NA,NA,NA,NA,NA,NA,2481,3,100
Alsek,Alsek,CK,ALSEK,ALSEK,CK-67,1990,2099,3,NA,NA,NA,NA,NA,NA,2099,3,100
Alsek,Alsek,CK,ALSEK,ALSEK,CK-67,1991,2518,4,NA,NA,121,1,NA,NA,2397,3,95.2
Alsek,Alsek,CK,ALSEK,ALSEK,CK-67,1992,1421,4,NA,NA,86,1,NA,NA,1335,3,93.9
Alsek,Alsek,CK,ALSEK,ALSEK,CK-67,1993,3947,4,NA,NA,326,1,NA,NA,3621,3,91.7
Alsek,Alsek,CK,ALSEK,ALSEK,CK-67,1994,4386,4,NA,NA,349,1,NA,NA,4037,3,92
Alsek,Alsek,CK,ALSEK,ALSEK,CK-67,1995,5997,4,NA,NA,338,1,NA,NA,5659,3,94.4
Alsek,Alsek,CK,ALSEK,ALSEK,CK-67,1996,3756,4,NA,NA,132,1,NA,NA,3624,3,96.5
Alsek,Alsek,CK,ALSEK,ALSEK,CK-67,1997,18378,4,15250,1,15359,2,NA,NA,3019,2,16.4
Alsek,Alsek,CK,ALSEK,ALSEK,CK-67,1998,6560,5,4967,1,5038,2,NA,NA,1522,3,23.2
Alsek,Alsek,CK,ALSEK,ALSEK,CK-67,1999,14753,5,11969,1,12534,3,NA,NA,2219,2,15
Alsek,Alsek,CK,ALSEK,ALSEK,CK-67,2000,8595,2,8432,1,8595,2,NA,NA,NA,NA,0
Alsek,Alsek,CK,ALSEK,ALSEK,CK-67,2001,13614,3,13071,2,13614,3,NA,NA,NA,NA,0
Alsek,Alsek,CK,ALSEK,ALSEK,CK-67,2002,11704,5,11047,2,11704,5,NA,NA,NA,NA,0
Alsek,Alsek,CK,ALSEK,ALSEK,CK-67,2003,7084,5,6842,2,7084,5,NA,NA,NA,NA,0
Alsek,Alsek,CK,ALSEK,ALSEK,CK-67,2004,10220,4,10090,2,10220,4,NA,NA,NA,NA,0
Alsek,Alsek,CK,ALSEK,ALSEK,CK-67,2005,5694,5,5528,2,5694,5,NA,NA,NA,NA,0
Alsek,Alsek,CK,ALSEK,ALSEK,CK-67,2006,666,2,568,1,666,2,NA,NA,NA,NA,0
Alsek,Alsek,CK,ALSEK,ALSEK,CK-67,2007,716,2,677,1,716,2,NA,NA,NA,NA,0
Alsek,Alsek,CK,ALSEK,ALSEK,CK-67,2008,531,2,466,1,531,2,NA,NA,NA,NA,0
Alsek,Alsek,CK,ALSEK,ALSEK,CK-67,2009,1571,1,1571,1,1571,1,NA,NA,NA,NA,0
Alsek,Alsek,CK,ALSEK,ALSEK,CK-67,2010,2356,1,2356,1,2356,1,NA,NA,NA,NA,0
Alsek,Alsek,CK,ALSEK,ALSEK,CK-67,2011,1670,1,1670,1,1670,1,NA,NA,NA,NA,0
Alsek,Alsek,CK,ALSEK,ALSEK,CK-67,2012,693,1,693,1,693,1,NA,NA,NA,NA,0
Alsek,Alsek,CK,ALSEK,ALSEK,CK-67,2013,1261,1,1261,1,1261,1,NA,NA,NA,NA,0
Alsek,Alsek,CK,ALSEK,ALSEK,CK-67,2014,841,1,841,1,841,1,NA,NA,NA,NA,0
Alsek,Alsek,CK,ALSEK,ALSEK,CK-67,2015,1432,1,1432,1,1432,1,NA,NA,NA,NA,0
Alsek,Alsek,CK,ALSEK,ALSEK,CK-67,2016,651,1,651,1,651,1,NA,NA,NA,NA,0
Alsek,Alsek,CK,ALSEK,ALSEK,CK-67,2017,448,1,448,1,448,1,NA,NA,NA,NA,0
Alsek,Alsek,CK,ALSEK,ALSEK,CK-67,2018,1087,1,1087,1,1087,1,NA,NA,NA,NA,0
Alsek,Alsek,CK,ALSEK,ALSEK,CK-67,2019,1589,1,1589,1,1589,1,NA,NA,NA,NA,0
Alsek,Alsek,CO,ALSEK RIVER,ALSEK RIVER,CO-45,1976,1572,1,NA,NA,NA,NA,NA,NA,1572,1,100
Alsek,Alsek,CO,ALSEK RIVER,ALSEK RIVER,CO-45,1977,2758,1,NA,NA,NA,NA,NA,NA,2758,1,100
Alsek,Alsek,CO,ALSEK RIVER,ALSEK RIVER,CO-45,1978,30,1,NA,NA,NA,NA,NA,NA,30,1,100
Alsek,Alsek,CO,ALSEK RIVER,ALSEK RIVER,CO-45,1979,175,1,NA,NA,NA,NA,NA,NA,175,1,100
Alsek,Alsek,CO,ALSEK RIVER,ALSEK RIVER,CO-45,1980,704,1,NA,NA,NA,NA,NA,NA,704,1,100
Alsek,Alsek,CO,ALSEK RIVER,ALSEK RIVER,CO-45,1981,1170,1,NA,NA,NA,NA,NA,NA,1170,1,100
Alsek,Alsek,CO,ALSEK RIVER,ALSEK RIVER,CO-45,1982,189,1,NA,NA,NA,NA,NA,NA,189,1,100
Alsek,Alsek,CO,ALSEK RIVER,ALSEK RIVER,CO-45,1983,303,1,NA,NA,NA,NA,NA,NA,303,1,100
Alsek,Alsek,CO,ALSEK RIVER,ALSEK RIVER,CO-45,1984,1402,1,NA,NA,NA,NA,NA,NA,1402,1,100
Alsek,Alsek,CO,ALSEK RIVER,ALSEK RIVER,CO-45,1985,350,1,NA,NA,NA,NA,NA,NA,350,1,100
Alsek,Alsek,CO,ALSEK RIVER,ALSEK RIVER,CO-45,1986,71,1,NA,NA,NA,NA,NA,NA,71,1,100
Alsek,Alsek,SER,ALSEK RIVER,ALSEK RIVER,SER-24,1986,2026,2,1490,1,1490,1,NA,NA,536,1,26.5
Alsek,Alsek,CO,ALSEK RIVER,ALSEK RIVER,CO-45,1987,202,1,NA,NA,NA,NA,NA,NA,202,1,100
Alsek,Alsek,SER,ALSEK RIVER,ALSEK RIVER,SER-24,1987,1875,1,1875,1,1875,1,NA,NA,NA,NA,0
Alsek,Alsek,CO,ALSEK RIVER,ALSEK RIVER,CO-45,1988,2774,1,NA,NA,NA,NA,NA,NA,2774,1,100
Alsek,Alsek,SER,ALSEK RIVER,ALSEK RIVER,SER-24,1988,866,2,433,1,433,1,NA,NA,433,1,50
Alsek,Alsek,CO,ALSEK RIVER,ALSEK RIVER,CO-45,1989,2219,1,NA,NA,NA,NA,NA,NA,2219,1,100
Alsek,Alsek,SER,ALSEK RIVER,ALSEK RIVER,SER-24,1989,11258,2,9569,1,9569,1,NA,NA,1689,1,15
Alsek,Alsek,CO,ALSEK RIVER,ALSEK RIVER,CO-45,1990,315,1,NA,NA,NA,NA,NA,NA,315,1,100
Alsek,Alsek,SER,ALSEK RIVER,ALSEK RIVER,SER-24,1990,7500,1,7500,1,7500,1,NA,NA,NA,NA,0
Alsek,Alsek,CO,ALSEK RIVER,ALSEK RIVER,CO-45,1991,8478,1,NA,NA,NA,NA,NA,NA,8478,1,100
Alsek,Alsek,SER,ALSEK RIVER,ALSEK RIVER,SER-24,1991,5670,1,5670,1,5670,1,NA,NA,NA,NA,0
Alsek,Alsek,CO,ALSEK RIVER,ALSEK RIVER,CO-45,1992,1145,1,NA,NA,NA,NA,NA,NA,1145,1,100
Alsek,Alsek,SER,ALSEK RIVER,ALSEK RIVER,SER-24,1992,11485,1,11485,1,11485,1,NA,NA,NA,NA,0
Alsek,Alsek,CO,ALSEK RIVER,ALSEK RIVER,CO-45,1993,788,1,NA,NA,NA,NA,NA,NA,788,1,100
Alsek,Alsek,SER,ALSEK RIVER,ALSEK RIVER,SER-24,1993,3135,1,3135,1,3135,1,NA,NA,NA,NA,0
Alsek,Alsek,CO,ALSEK RIVER,ALSEK RIVER,CO-45,1994,1232,1,NA,NA,NA,NA,NA,NA,1232,1,100
Alsek,Alsek,SER,ALSEK RIVER,ALSEK RIVER,SER-24,1994,4373,2,4007,1,4007,1,NA,NA,366,1,8.4
Alsek,Alsek,CO,ALSEK RIVER,ALSEK RIVER,CO-45,1995,3564,1,NA,NA,NA,NA,NA,NA,3564,1,100
Alsek,Alsek,SER,ALSEK RIVER,ALSEK RIVER,SER-24,1995,4041,1,4041,1,4041,1,NA,NA,NA,NA,0
Alsek,Alsek,CO,ALSEK RIVER,ALSEK RIVER,CO-45,1996,3465,1,NA,NA,NA,NA,NA,NA,3465,1,100
Alsek,Alsek,SER,ALSEK RIVER,ALSEK RIVER,SER-24,1996,1583,1,1583,1,1583,1,NA,NA,NA,NA,0
Alsek,Alsek,CO,ALSEK RIVER,ALSEK RIVER,CO-45,1997,302,1,NA,NA,NA,NA,NA,NA,302,1,100
Alsek,Alsek,SER,ALSEK RIVER,ALSEK RIVER,SER-24,1997,1900,1,1900,1,1900,1,NA,NA,NA,NA,0
Alsek,Alsek,CO,ALSEK RIVER,ALSEK RIVER,CO-45,1998,1961,1,NA,NA,NA,NA,NA,NA,1961,1,100
Alsek,Alsek,SER,ALSEK RIVER,ALSEK RIVER,SER-24,1998,826,1,826,1,826,1,NA,NA,NA,NA,0
Alsek,Alsek,CO,ALSEK RIVER,ALSEK RIVER,CO-45,2001,748,1,748,1,748,1,NA,NA,NA,NA,0
Alsek,Alsek,CO,ALSEK RIVER,ALSEK RIVER,CO-45,2002,9921,1,9921,1,9921,1,NA,NA,NA,NA,0
Alsek,Alsek,SER,ALSEK RIVER,ALSEK RIVER,SER-24,2002,98192,2,98192,2,98192,2,NA,NA,NA,NA,0
Alsek,Alsek,CO,ALSEK RIVER,ALSEK RIVER,CO-45,2003,3689,1,3689,1,3689,1,NA,NA,NA,NA,0
Alsek,Alsek,SER,ALSEK RIVER,ALSEK RIVER,SER-24,2003,107847,2,107847,2,107847,2,NA,NA,NA,NA,0
Alsek,Alsek,CO,ALSEK RIVER,ALSEK RIVER,CO-45,2004,750,1,750,1,750,1,NA,NA,NA,NA,0
Alsek,Alsek,SER,ALSEK RIVER,ALSEK RIVER,SER-24,2004,87959,2,87959,2,87959,2,NA,NA,NA,NA,0
Alsek,Alsek,CO,ALSEK RIVER,ALSEK RIVER,CO-45,2005,683,1,683,1,683,1,NA,NA,NA,NA,0
Alsek,Alsek,SER,ALSEK RIVER,ALSEK RIVER,SER-24,2005,56270,2,56270,2,56270,2,NA,NA,NA,NA,0
Alsek,Alsek,CO,ALSEK RIVER,ALSEK RIVER,CO-45,2006,420,1,420,1,420,1,NA,NA,NA,NA,0
Alsek,Alsek,SER,ALSEK RIVER,ALSEK RIVER,SER-24,2006,979,1,979,1,979,1,NA,NA,NA,NA,0
Alsek,Alsek,CO,ALSEK RIVER,ALSEK RIVER,CO-45,2007,300,1,300,1,300,1,NA,NA,NA,NA,0
Alsek,Alsek,SER,ALSEK RIVER,ALSEK RIVER,SER-24,2007,10254,1,10254,1,10254,1,NA,NA,NA,NA,0
Alsek,Alsek,CO,ALSEK RIVER,ALSEK RIVER,CO-45,2008,4275,1,4275,1,4275,1,NA,NA,NA,NA,0
Alsek,Alsek,CO,ALSEK RIVER,ALSEK RIVER,CO-45,2009,424,1,424,1,424,1,NA,NA,NA,NA,0
Alsek,Alsek,SER,ALSEK RIVER,ALSEK RIVER,SER-24,2009,887,1,887,1,887,1,NA,NA,NA,NA,0
Alsek,Alsek,CO,ALSEK RIVER,ALSEK RIVER,CO-45,2010,2365,1,2365,1,2365,1,NA,NA,NA,NA,0
Alsek,Alsek,SER,ALSEK RIVER,ALSEK RIVER,SER-24,2010,2305,1,2305,1,2305,1,NA,NA,NA,NA,0
Alsek,Alsek,CO,ALSEK RIVER,ALSEK RIVER,CO-45,2011,2119,1,2119,1,2119,1,NA,NA,NA,NA,0
Alsek,Alsek,SER,ALSEK RIVER,ALSEK RIVER,SER-24,2011,355,1,355,1,355,1,NA,NA,NA,NA,0
Alsek,Alsek,CO,ALSEK RIVER,ALSEK RIVER,CO-45,2012,1272,1,1272,1,1272,1,NA,NA,NA,NA,0
Alsek,Alsek,SER,ALSEK RIVER,ALSEK RIVER,SER-24,2012,1372,1,1372,1,1372,1,NA,NA,NA,NA,0
Alsek,Alsek,CO,ALSEK RIVER,ALSEK RIVER,CO-45,2013,7322,1,7322,1,7322,1,NA,NA,NA,NA,0
Alsek,Alsek,SER,ALSEK RIVER,ALSEK RIVER,SER-24,2013,129,1,129,1,129,1,NA,NA,NA,NA,0
Alsek,Alsek,CO,ALSEK RIVER,ALSEK RIVER,CO-45,2014,341,1,341,1,341,1,NA,NA,NA,NA,0
Alsek,Alsek,SER,ALSEK RIVER,ALSEK RIVER,SER-24,2014,189,1,189,1,189,1,NA,NA,NA,NA,0
Alsek,Alsek,CO,ALSEK RIVER,ALSEK RIVER,CO-45,2015,1810,1,1810,1,1810,1,NA,NA,NA,NA,0
Alsek,Alsek,CO,ALSEK RIVER,ALSEK RIVER,CO-45,2016,2141,1,2141,1,2141,1,NA,NA,NA,NA,0
Alsek,Alsek,SER,ALSEK RIVER,ALSEK RIVER,SER-24,2016,410,1,410,1,410,1,NA,NA,NA,NA,0
Alsek,Alsek,CO,ALSEK RIVER,ALSEK RIVER,CO-45,2017,966,1,966,1,966,1,NA,NA,NA,NA,0
Alsek,Alsek,SER,ALSEK RIVER,ALSEK RIVER,SER-24,2017,240,1,240,1,240,1,NA,NA,NA,NA,0
Alsek,Alsek,CO,ALSEK RIVER,ALSEK RIVER,CO-45,2018,728,1,728,1,728,1,NA,NA,NA,NA,0
Alsek,Alsek,SER,ALSEK RIVER,ALSEK RIVER,SER-24,2018,97,1,97,1,97,1,NA,NA,NA,NA,0
Alsek,Alsek,CO,ALSEK RIVER,ALSEK RIVER,CO-45,2019,2187,1,2187,1,2187,1,NA,NA,NA,NA,0
Alsek,Alsek,SEL,BLANCHARD,NA,SEL-30-01,NA,NA,NA,NA,NA,NA,NA,NA,NA,NA,NA,NA
Alsek,Alsek,SEL,KLUKSHU,KLUKSHU,SEL-30-02,1976,7941,1,NA,NA,NA,NA,NA,NA,7941,1,100
Alsek,Alsek,SEL,KLUKSHU,KLUKSHU,SEL-30-02,1977,15441,1,NA,NA,NA,NA,NA,NA,15441,1,100
Alsek,Alsek,SEL,KLUKSHU,KLUKSHU,SEL-30-02,1978,19017,1,NA,NA,NA,NA,NA,NA,19017,1,100
Alsek,Alsek,SEL,KLUKSHU,KLUKSHU,SEL-30-02,1979,7051,1,NA,NA,NA,NA,NA,NA,7051,1,100
Alsek,Alsek,SEL,KLUKSHU,KLUKSHU,SEL-30-02,1980,10850,1,NA,NA,NA,NA,NA,NA,10850,1,100
Alsek,Alsek,SEL,KLUKSHU,KLUKSHU,SEL-30-02,1981,18448,1,NA,NA,NA,NA,NA,NA,18448,1,100
Alsek,Alsek,SEL,KLUKSHU,KLUKSHU,SEL-30-02,1982,28899,1,NA,NA,NA,NA,NA,NA,28899,1,100
Alsek,Alsek,SEL,KLUKSHU,KLUKSHU,SEL-30-02,1983,18017,1,NA,NA,NA,NA,NA,NA,18017,1,100
Alsek,Alsek,SEL,KLUKSHU,KLUKSHU,SEL-30-02,1984,10227,1,NA,NA,NA,NA,NA,NA,10227,1,100
Alsek,Alsek,SEL,KLUKSHU,KLUKSHU,SEL-30-02,1985,17259,1,NA,NA,NA,NA,NA,NA,17259,1,100
Alsek,Alsek,SEL,KLUKSHU,KLUKSHU,SEL-30-02,1986,22936,1,NA,NA,NA,NA,NA,NA,22936,1,100
Alsek,Alsek,SEL,KLUKSHU,KLUKSHU,SEL-30-02,1987,9346,1,NA,NA,NA,NA,NA,NA,9346,1,100
Alsek,Alsek,SEL,KLUKSHU,KLUKSHU,SEL-30-02,1988,7737,1,NA,NA,NA,NA,NA,NA,7737,1,100
Alsek,Alsek,SEL,KLUKSHU,KLUKSHU,SEL-30-02,1989,21636,1,NA,NA,NA,NA,NA,NA,21636,1,100
Alsek,Alsek,SEL,KLUKSHU,KLUKSHU,SEL-30-02,1990,24607,1,NA,NA,NA,NA,NA,NA,24607,1,100
Alsek,Alsek,SEL,KLUKSHU,KLUKSHU,SEL-30-02,1991,17645,1,NA,NA,NA,NA,NA,NA,17645,1,100
Alsek,Alsek,SEL,KLUKSHU,KLUKSHU,SEL-30-02,1992,18269,1,NA,NA,NA,NA,NA,NA,18269,1,100
Alsek,Alsek,SEL,KLUKSHU,KLUKSHU,SEL-30-02,1993,14921,1,NA,NA,NA,NA,NA,NA,14921,1,100
Alsek,Alsek,SEL,KLUKSHU,KLUKSHU,SEL-30-02,1994,13892,1,NA,NA,NA,NA,NA,NA,13892,1,100
Alsek,Alsek,SEL,KLUKSHU,KLUKSHU,SEL-30-02,1995,19817,1,NA,NA,NA,NA,NA,NA,19817,1,100
Alsek,Alsek,SEL,KLUKSHU,KLUKSHU,SEL-30-02,1996,7891,1,NA,NA,NA,NA,NA,NA,7891,1,100
Alsek,Alsek,SEL,KLUKSHU,KLUKSHU,SEL-30-02,1997,11303,1,NA,NA,NA,NA,NA,NA,11303,1,100
Alsek,Alsek,SEL,KLUKSHU,KLUKSHU,SEL-30-02,1998,13580,1,NA,NA,NA,NA,NA,NA,13580,1,100
Alsek,Alsek,SEL,KLUKSHU,KLUKSHU,SEL-30-02,1999,5101,1,NA,NA,NA,NA,NA,NA,5101,1,100
Alsek,Alsek,SEL,KLUKSHU,KLUKSHU,SEL-30-02,2001,10290,1,10290,1,10290,1,NA,NA,NA,NA,0
Alsek,Alsek,SEL,KLUKSHU,KLUKSHU,SEL-30-02,2002,25711,1,25711,1,25711,1,NA,NA,NA,NA,0
Alsek,Alsek,SEL,KLUKSHU,KLUKSHU,SEL-30-02,2003,34362,1,34362,1,34362,1,NA,NA,NA,NA,0
Alsek,Alsek,SEL,KLUKSHU,KLUKSHU,SEL-30-02,2004,15348,1,15348,1,15348,1,NA,NA,NA,NA,0
Alsek,Alsek,SEL,KLUKSHU,KLUKSHU,SEL-30-02,2005,3373,1,3373,1,3373,1,NA,NA,NA,NA,0
Alsek,Alsek,SEL,KLUKSHU,KLUKSHU,SEL-30-02,2006,13455,1,13455,1,13455,1,NA,NA,NA,NA,0
Alsek,Alsek,SEL,KLUKSHU,KLUKSHU,SEL-30-02,2010,18960,1,18960,1,18960,1,NA,NA,NA,NA,0
Alsek,Alsek,SEL,KLUKSHU,KLUKSHU,SEL-30-02,2011,21389,1,21389,1,21389,1,NA,NA,NA,NA,0
Alsek,Alsek,SEL,KLUKSHU,KLUKSHU,SEL-30-02,2012,17694,1,17694,1,17694,1,NA,NA,NA,NA,0
Alsek,Alsek,SEL,KLUKSHU,KLUKSHU,SEL-30-02,2013,3902,1,3902,1,3902,1,NA,NA,NA,NA,0
Alsek,Alsek,SEL,KLUKSHU,KLUKSHU,SEL-30-02,2014,12384,1,12384,1,12384,1,NA,NA,NA,NA,0
Alsek,Alsek,SEL,KLUKSHU,KLUKSHU,SEL-30-02,2015,11588,1,11588,1,11588,1,NA,NA,NA,NA,0
Alsek,Alsek,SEL,KLUKSHU,KLUKSHU,SEL-30-02,2016,7584,1,7584,1,7584,1,NA,NA,NA,NA,0
Alsek,Alsek,SEL,KLUKSHU,KLUKSHU,SEL-30-02,2017,3889,1,3889,1,3889,1,NA,NA,NA,NA,0
Alsek,Alsek,SEL,KLUKSHU,KLUKSHU,SEL-30-02,2018,7143,1,7143,1,7143,1,NA,NA,NA,NA,0
Alsek,Alsek,SEL,KLUKSHU,KLUKSHU,SEL-30-02,2019,19073,1,19073,1,19073,1,NA,NA,NA,NA,0
Alsek,Alsek,SEL,NESKATAHIN,NESKATAHIN,SEL-30-03,1984,750,1,NA,NA,NA,NA,NA,NA,750,1,100
Alsek,Alsek,SEL,NESKATAHIN,NESKATAHIN,SEL-30-03,1988,456,1,NA,NA,NA,NA,NA,NA,456,1,100
Alsek,Alsek,SEL,NESKATAHIN,NESKATAHIN,SEL-30-03,1989,1700,1,NA,NA,NA,NA,NA,NA,1700,1,100
Lynn,Lynn,SER,CHILKAT RIVER,NA,SER-23,NA,NA,NA,NA,NA,NA,NA,NA,NA,NA,NA,NA
Lynn,Lynn,CK,LYNN CANAL,NA,CK-66,NA,NA,NA,NA,NA,NA,NA,NA,NA,NA,NA,NA
Lynn,Lynn,CM,LYNN CANAL,NA,CM-37,NA,NA,NA,NA,NA,NA,NA,NA,NA,NA,NA,NA
Lynn,Lynn,CO,LYNN CANAL,NA,CO-42,NA,NA,NA,NA,NA,NA,NA,NA,NA,NA,NA,NA
Multiple,Multiple,SER,NORTHERN TRANSBOUNDARY FJORDS,NORTHERN TRANSBOUNDARY FJORDS,SER-22,1979,16608,1,NA,NA,NA,NA,NA,NA,16608,1,100
Multiple,Multiple,SER,NORTHERN TRANSBOUNDARY FJORDS,NORTHERN TRANSBOUNDARY FJORDS,SER-22,1980,30806,1,NA,NA,NA,NA,NA,NA,30806,1,100
Multiple,Multiple,SER,NORTHERN TRANSBOUNDARY FJORDS,NORTHERN TRANSBOUNDARY FJORDS,SER-22,1981,61072,1,NA,NA,NA,NA,NA,NA,61072,1,100
Multiple,Multiple,SER,NORTHERN TRANSBOUNDARY FJORDS,NORTHERN TRANSBOUNDARY FJORDS,SER-22,1982,19964,1,NA,NA,NA,NA,NA,NA,19964,1,100
Multiple,Multiple,SER,NORTHERN TRANSBOUNDARY FJORDS,NORTHERN TRANSBOUNDARY FJORDS,SER-22,1983,29307,1,NA,NA,NA,NA,NA,NA,29307,1,100
Multiple,Multiple,SER,NORTHERN TRANSBOUNDARY FJORDS,NORTHERN TRANSBOUNDARY FJORDS,SER-22,1984,153649,6,NA,NA,NA,NA,NA,NA,153649,6,100
Multiple,Multiple,SER,NORTHERN TRANSBOUNDARY FJORDS,NORTHERN TRANSBOUNDARY FJORDS,SER-22,1985,217155,9,13093,1,13093,1,NA,NA,204062,8,94
Multiple,Multiple,SER,NORTHERN TRANSBOUNDARY FJORDS,NORTHERN TRANSBOUNDARY FJORDS,SER-22,1986,144597,9,11446,1,11446,1,NA,NA,133151,8,92.1
Multiple,Multiple,SER,NORTHERN TRANSBOUNDARY FJORDS,NORTHERN TRANSBOUNDARY FJORDS,SER-22,1987,107885,9,2794,1,2794,1,NA,NA,105091,8,97.4
Multiple,Multiple,SER,NORTHERN TRANSBOUNDARY FJORDS,NORTHERN TRANSBOUNDARY FJORDS,SER-22,1988,106086,10,2063,1,2063,1,NA,NA,104023,9,98.1
Multiple,Multiple,SER,NORTHERN TRANSBOUNDARY FJORDS,NORTHERN TRANSBOUNDARY FJORDS,SER-22,1989,145279,10,3039,1,3039,1,NA,NA,142240,9,97.9
Multiple,Multiple,SER,NORTHERN TRANSBOUNDARY FJORDS,NORTHERN TRANSBOUNDARY FJORDS,SER-22,1990,128338,11,5736,1,5736,1,NA,NA,122602,10,95.5
Multiple,Multiple,SER,NORTHERN TRANSBOUNDARY FJORDS,NORTHERN TRANSBOUNDARY FJORDS,SER-22,1991,183660,10,8381,1,8381,1,NA,NA,175279,9,95.4
Multiple,Multiple,SER,NORTHERN TRANSBOUNDARY FJORDS,NORTHERN TRANSBOUNDARY FJORDS,SER-22,1992,211452,10,6576,1,6576,1,NA,NA,204876,9,96.9
Multiple,Multiple,SER,NORTHERN TRANSBOUNDARY FJORDS,NORTHERN TRANSBOUNDARY FJORDS,SER-22,1993,188713,11,5028,1,5028,1,NA,NA,183685,10,97.3
Multiple,Multiple,SER,NORTHERN TRANSBOUNDARY FJORDS,NORTHERN TRANSBOUNDARY FJORDS,SER-22,1994,143368,10,4371,1,4371,1,NA,NA,138997,9,97
Multiple,Multiple,SER,NORTHERN TRANSBOUNDARY FJORDS,NORTHERN TRANSBOUNDARY FJORDS,SER-22,1995,161922,10,NA,NA,NA,NA,NA,NA,161922,10,100
Multiple,Multiple,SER,NORTHERN TRANSBOUNDARY FJORDS,NORTHERN TRANSBOUNDARY FJORDS,SER-22,1996,152141,10,NA,NA,NA,NA,NA,NA,152141,10,100
Multiple,Multiple,SER,NORTHERN TRANSBOUNDARY FJORDS,NORTHERN TRANSBOUNDARY FJORDS,SER-22,1997,118754,9,NA,NA,NA,NA,NA,NA,118754,9,100
Multiple,Multiple,SER,NORTHERN TRANSBOUNDARY FJORDS,NORTHERN TRANSBOUNDARY FJORDS,SER-22,1998,103164,9,NA,NA,NA,NA,NA,NA,103164,9,100
Multiple,Multiple,SER,NORTHERN TRANSBOUNDARY FJORDS,NORTHERN TRANSBOUNDARY FJORDS,SER-22,1999,108497,8,NA,NA,NA,NA,NA,NA,108497,8,100
Multiple,Multiple,SER,NORTHERN TRANSBOUNDARY FJORDS,NORTHERN TRANSBOUNDARY FJORDS,SER-22,2000,53145,1,53145,1,53145,1,NA,NA,NA,NA,0
Multiple,Multiple,SER,NORTHERN TRANSBOUNDARY FJORDS,NORTHERN TRANSBOUNDARY FJORDS,SER-22,2001,248041,2,248041,2,248041,2,NA,NA,NA,NA,0
Multiple,Multiple,SER,NORTHERN TRANSBOUNDARY FJORDS,NORTHERN TRANSBOUNDARY FJORDS,SER-22,2002,204545,6,203868,2,204545,6,NA,NA,NA,NA,0
Multiple,Multiple,SER,NORTHERN TRANSBOUNDARY FJORDS,NORTHERN TRANSBOUNDARY FJORDS,SER-22,2003,392334,6,391965,2,392334,6,NA,NA,NA,NA,0
Multiple,Multiple,SER,NORTHERN TRANSBOUNDARY FJORDS,NORTHERN TRANSBOUNDARY FJORDS,SER-22,2004,311212,6,310809,2,311212,6,NA,NA,NA,NA,0
Multiple,Multiple,SER,NORTHERN TRANSBOUNDARY FJORDS,NORTHERN TRANSBOUNDARY FJORDS,SER-22,2005,313467,7,309726,2,310142,6,NA,NA,3325,1,1.1
Multiple,Multiple,SER,NORTHERN TRANSBOUNDARY FJORDS,NORTHERN TRANSBOUNDARY FJORDS,SER-22,2006,389994,9,167597,1,168264,6,NA,NA,221730,3,56.9
Multiple,Multiple,SER,NORTHERN TRANSBOUNDARY FJORDS,NORTHERN TRANSBOUNDARY FJORDS,SER-22,2007,233440,8,215144,2,215264,7,NA,NA,18176,1,7.8
Multiple,Multiple,SER,NORTHERN TRANSBOUNDARY FJORDS,NORTHERN TRANSBOUNDARY FJORDS,SER-22,2008,74587,6,74267,1,74587,6,NA,NA,NA,NA,0
Multiple,Multiple,SER,NORTHERN TRANSBOUNDARY FJORDS,NORTHERN TRANSBOUNDARY FJORDS,SER-22,2009,111843,5,111781,1,111843,5,NA,NA,NA,NA,0
Multiple,Multiple,SER,NORTHERN TRANSBOUNDARY FJORDS,NORTHERN TRANSBOUNDARY FJORDS,SER-22,2010,117368,5,116354,1,117368,5,NA,NA,NA,NA,0
Multiple,Multiple,SER,NORTHERN TRANSBOUNDARY FJORDS,NORTHERN TRANSBOUNDARY FJORDS,SER-22,2011,139541,1,139541,1,139541,1,NA,NA,NA,NA,0
Multiple,Multiple,SER,NORTHERN TRANSBOUNDARY FJORDS,NORTHERN TRANSBOUNDARY FJORDS,SER-22,2012,95855,3,95840,1,95855,3,NA,NA,NA,NA,0
Multiple,Multiple,SER,NORTHERN TRANSBOUNDARY FJORDS,NORTHERN TRANSBOUNDARY FJORDS,SER-22,2013,84663,5,84380,1,84663,5,NA,NA,NA,NA,0
Multiple,Multiple,SER,NORTHERN TRANSBOUNDARY FJORDS,NORTHERN TRANSBOUNDARY FJORDS,SER-22,2014,123352,5,122759,1,123352,5,NA,NA,NA,NA,0
Multiple,Multiple,SER,NORTHERN TRANSBOUNDARY FJORDS,NORTHERN TRANSBOUNDARY FJORDS,SER-22,2015,142334,1,142334,1,142334,1,NA,NA,NA,NA,0
Multiple,Multiple,SER,NORTHERN TRANSBOUNDARY FJORDS,NORTHERN TRANSBOUNDARY FJORDS,SER-22,2016,164525,5,164451,1,164525,5,NA,NA,NA,NA,0
Multiple,Multiple,SER,NORTHERN TRANSBOUNDARY FJORDS,NORTHERN TRANSBOUNDARY FJORDS,SER-22,2017,75251,5,75159,1,75251,5,NA,NA,NA,NA,0
Multiple,Multiple,SER,NORTHERN TRANSBOUNDARY FJORDS,NORTHERN TRANSBOUNDARY FJORDS,SER-22,2018,55641,5,55541,1,55641,5,NA,NA,NA,NA,0
Multiple,Multiple,SER,NORTHERN TRANSBOUNDARY FJORDS,NORTHERN TRANSBOUNDARY FJORDS,SER-22,2019,76793,5,76386,1,76793,5,NA,NA,NA,NA,0
Multiple,Multiple,SER,NORTHERN TRANSBOUNDARY FJORDS,NORTHERN TRANSBOUNDARY FJORDS,SER-22,2020,31812,5,31653,1,31812,5,NA,NA,NA,NA,0
Multiple,Multiple,SER,NORTHERN TRANSBOUNDARY FJORDS,NORTHERN TRANSBOUNDARY FJORDS,SER-22,2021,78644,5,78398,1,78644,5,NA,NA,NA,NA,0
Multiple,Multiple,PKE,TRANSBOUNDARY FJORDS,TRANSBOUNDARY FJORDS,PKE-13,1984,3414,1,NA,NA,NA,NA,NA,NA,3414,1,100
Multiple,Multiple,PKO,TRANSBOUNDARY FJORDS,TRANSBOUNDARY FJORDS,PKO-19,1985,45111,1,NA,NA,NA,NA,NA,NA,45111,1,100
Multiple,Multiple,PKE,TRANSBOUNDARY FJORDS,TRANSBOUNDARY FJORDS,PKE-13,1986,274,1,NA,NA,NA,NA,NA,NA,274,1,100
Multiple,Multiple,PKO,TRANSBOUNDARY FJORDS,TRANSBOUNDARY FJORDS,PKO-19,1987,30332,1,NA,NA,NA,NA,NA,NA,30332,1,100
Multiple,Multiple,PKE,TRANSBOUNDARY FJORDS,TRANSBOUNDARY FJORDS,PKE-13,1988,347,1,NA,NA,NA,NA,NA,NA,347,1,100
Multiple,Multiple,PKO,TRANSBOUNDARY FJORDS,TRANSBOUNDARY FJORDS,PKO-19,1989,4496,1,NA,NA,NA,NA,NA,NA,4496,1,100
Multiple,Multiple,PKE,TRANSBOUNDARY FJORDS,TRANSBOUNDARY FJORDS,PKE-13,1990,346,1,NA,NA,NA,NA,NA,NA,346,1,100
Multiple,Multiple,PKO,TRANSBOUNDARY FJORDS,TRANSBOUNDARY FJORDS,PKO-19,1991,1337,1,NA,NA,NA,NA,NA,NA,1337,1,100
Multiple,Multiple,PKO,TRANSBOUNDARY FJORDS,TRANSBOUNDARY FJORDS,PKO-19,1993,3,1,NA,NA,NA,NA,NA,NA,3,1,100
Multiple,Multiple,PKE,TRANSBOUNDARY FJORDS,TRANSBOUNDARY FJORDS,PKE-13,1994,9433,1,NA,NA,NA,NA,NA,NA,9433,1,100
Multiple,Multiple,PKE,TRANSBOUNDARY FJORDS,TRANSBOUNDARY FJORDS,PKE-13,1996,113,1,NA,NA,NA,NA,NA,NA,113,1,100
Multiple,Multiple,PKO,TRANSBOUNDARY FJORDS,TRANSBOUNDARY FJORDS,PKO-19,1997,234,1,NA,NA,NA,NA,NA,NA,234,1,100
Multiple,Multiple,PKE,TRANSBOUNDARY FJORDS,TRANSBOUNDARY FJORDS,PKE-13,1998,5000,1,NA,NA,NA,NA,NA,NA,5000,1,100
Stikine,Lower Stikine,SEL,CHRISTINA,CHRISTINA,SEL-26-01,1984,130,1,NA,NA,NA,NA,NA,NA,130,1,100
Stikine,Lower Stikine,SEL,CHRISTINA,CHRISTINA,SEL-26-01,1985,67,1,NA,NA,NA,NA,NA,NA,67,1,100
Stikine,Lower Stikine,SEL,CHRISTINA,CHRISTINA,SEL-26-01,1986,0,1,NA,NA,NA,NA,NA,NA,0,1,NA
Stikine,Lower Stikine,SEL,CHRISTINA,CHRISTINA,SEL-26-01,1987,6,1,NA,NA,NA,NA,NA,NA,6,1,100
Stikine,Lower Stikine,SEL,CHRISTINA,CHRISTINA,SEL-26-01,1988,7,1,NA,NA,NA,NA,NA,NA,7,1,100
Stikine,Lower Stikine,SEL,CHRISTINA,CHRISTINA,SEL-26-01,1989,10,1,NA,NA,NA,NA,NA,NA,10,1,100
Stikine,Lower Stikine,SEL,CHRISTINA,CHRISTINA,SEL-26-01,1990,4,1,NA,NA,NA,NA,NA,NA,4,1,100
Stikine,Lower Stikine,SEL,CHRISTINA,CHRISTINA,SEL-26-01,1992,50,1,NA,NA,NA,NA,NA,NA,50,1,100
Stikine,Lower Stikine,SEL,CHRISTINA,CHRISTINA,SEL-26-01,1993,28,1,NA,NA,NA,NA,NA,NA,28,1,100
Stikine,Lower Stikine,SEL,CHUTINE,CHUTINE,SEL-26-03,1984,526,1,NA,NA,NA,NA,NA,NA,526,1,100
Stikine,Lower Stikine,SEL,CHUTINE,CHUTINE,SEL-26-03,1985,253,1,NA,NA,NA,NA,NA,NA,253,1,100
Stikine,Lower Stikine,SEL,CHUTINE,CHUTINE,SEL-26-03,1986,139,1,NA,NA,NA,NA,NA,NA,139,1,100
Stikine,Lower Stikine,SEL,CHUTINE,CHUTINE,SEL-26-03,1987,6,1,NA,NA,NA,NA,NA,NA,6,1,100
Stikine,Lower Stikine,SEL,CHUTINE,CHUTINE,SEL-26-03,1988,14,1,NA,NA,NA,NA,NA,NA,14,1,100
Stikine,Lower Stikine,SEL,CHUTINE,CHUTINE,SEL-26-03,1989,29,1,NA,NA,NA,NA,NA,NA,29,1,100
Stikine,Lower Stikine,SEL,CHUTINE,CHUTINE,SEL-26-03,1990,24,1,NA,NA,NA,NA,NA,NA,24,1,100
Stikine,Lower Stikine,SEL,CHUTINE,CHUTINE,SEL-26-03,1991,0,1,NA,NA,NA,NA,NA,NA,0,1,NA
Stikine,Lower Stikine,SEL,CHUTINE,CHUTINE,SEL-26-03,1992,164,1,NA,NA,NA,NA,NA,NA,164,1,100
Stikine,Lower Stikine,SEL,CHUTINE,CHUTINE,SEL-26-03,1993,57,1,NA,NA,NA,NA,NA,NA,57,1,100
Stikine,Lower Stikine,SEL,CHUTINE,CHUTINE,SEL-26-03,1994,267,1,NA,NA,NA,NA,NA,NA,267,1,100
Stikine,Lower Stikine,SEL,CHUTINE,CHUTINE,SEL-26-03,1995,13,1,NA,NA,NA,NA,NA,NA,13,1,100
Stikine,Lower Stikine,SEL,CHUTINE,CHUTINE,SEL-26-03,1996,134,1,NA,NA,NA,NA,NA,NA,134,1,100
Stikine,Lower Stikine,SEL,CHUTINE,CHUTINE,SEL-26-03,1997,204,1,NA,NA,NA,NA,NA,NA,204,1,100
Stikine,Lower Stikine,SEL,CHUTINE,CHUTINE,SEL-26-03,1998,230,1,NA,NA,NA,NA,NA,NA,230,1,100
Stikine,Lower Stikine,SEL,CHUTINE,CHUTINE,SEL-26-03,1999,56,1,NA,NA,NA,NA,NA,NA,56,1,100
Stikine,Lower Stikine,SEL,CHUTINE,CHUTINE,SEL-26-03,2002,239,1,NA,NA,239,1,NA,NA,NA,NA,0
Stikine,Lower Stikine,SEL,CHUTINE,CHUTINE,SEL-26-03,2003,240,1,NA,NA,240,1,NA,NA,NA,NA,0
Stikine,Lower Stikine,SEL,CHUTINE,CHUTINE,SEL-26-03,2004,245,1,NA,NA,245,1,NA,NA,NA,NA,0
Stikine,Lower Stikine,SEL,CHUTINE,CHUTINE,SEL-26-03,2005,66,1,NA,NA,66,1,NA,NA,NA,NA,0
Stikine,Lower Stikine,SEL,CHUTINE,CHUTINE,SEL-26-03,2006,276,1,NA,NA,276,1,NA,NA,NA,NA,0
Stikine,Lower Stikine,SEL,CHUTINE,CHUTINE,SEL-26-03,2007,0,1,NA,NA,0,1,NA,NA,NA,NA,NA
Stikine,Lower Stikine,SEL,CHUTINE,CHUTINE,SEL-26-03,2008,83,1,NA,NA,83,1,NA,NA,NA,NA,0
Stikine,Lower Stikine,SEL,CHUTINE,CHUTINE,SEL-26-03,2009,51,1,NA,NA,51,1,NA,NA,NA,NA,0
Stikine,Lower Stikine,SEL,CHUTINE,CHUTINE,SEL-26-03,2010,103,1,NA,NA,103,1,NA,NA,NA,NA,0
Stikine,Lower Stikine,SEL,CHUTINE,CHUTINE,SEL-26-03,2013,2,1,NA,NA,2,1,NA,NA,NA,NA,0
Stikine,Lower Stikine,SEL,CHUTINE,CHUTINE,SEL-26-03,2014,52,1,NA,NA,52,1,NA,NA,NA,NA,0
Stikine,Lower Stikine,SEL,CHUTINE,CHUTINE,SEL-26-03,2016,2,1,NA,NA,2,1,NA,NA,NA,NA,0
Stikine,Lower Stikine,SEL,CHUTINE,CHUTINE,SEL-26-03,2017,141,1,NA,NA,141,1,NA,NA,NA,NA,0
Stikine,Lower Stikine,SEL,CHUTINE,CHUTINE,SEL-26-03,2018,19,1,NA,NA,19,1,NA,NA,NA,NA,0
Stikine,Lower Stikine,SEL,CHUTINE,CHUTINE,SEL-26-03,2019,86,1,NA,NA,86,1,NA,NA,NA,NA,0
Stikine,Lower Stikine,SEL,CHUTINE,CHUTINE,SEL-26-03,2020,29,1,NA,NA,29,1,NA,NA,NA,NA,0
Stikine,Lower Stikine,SEL,CHUTINE,CHUTINE,SEL-26-03,2021,47,1,NA,NA,47,1,NA,NA,NA,NA,0
Stikine,Lower Stikine,CO,LOWER STIKINE,LOWER STIKINE,CO-39,1984,517,5,NA,NA,328,3,NA,NA,189,2,36.6
Stikine,Lower Stikine,CO,LOWER STIKINE,LOWER STIKINE,CO-39,1985,3870,6,NA,NA,3280,5,NA,NA,590,1,15.2
Stikine,Lower Stikine,CO,LOWER STIKINE,LOWER STIKINE,CO-39,1988,704,7,NA,NA,552,4,NA,NA,152,3,21.6
Stikine,Lower Stikine,CO,LOWER STIKINE,LOWER STIKINE,CO-39,1989,3924,7,NA,NA,3533,5,NA,NA,391,2,10
Stikine,Lower Stikine,CO,LOWER STIKINE,LOWER STIKINE,CO-39,1990,3040,6,NA,NA,2946,5,NA,NA,94,1,3.1
Stikine,Lower Stikine,CO,LOWER STIKINE,LOWER STIKINE,CO-39,1991,2956,6,NA,NA,2654,5,NA,NA,302,1,10.2
Stikine,Lower Stikine,CO,LOWER STIKINE,LOWER STIKINE,CO-39,1992,3688,6,NA,NA,3393,5,NA,NA,295,1,8
Stikine,Lower Stikine,CO,LOWER STIKINE,LOWER STIKINE,CO-39,1993,530,2,NA,NA,530,2,NA,NA,NA,NA,0
Stikine,Lower Stikine,CO,LOWER STIKINE,LOWER STIKINE,CO-39,1994,3725,6,NA,NA,3697,5,NA,NA,28,1,0.8
Stikine,Lower Stikine,CO,LOWER STIKINE,LOWER STIKINE,CO-39,1995,3752,6,NA,NA,3541,5,NA,NA,211,1,5.6
Stikine,Lower Stikine,CO,LOWER STIKINE,LOWER STIKINE,CO-39,1996,3245,6,NA,NA,3082,5,NA,NA,163,1,5
Stikine,Lower Stikine,CO,LOWER STIKINE,LOWER STIKINE,CO-39,1997,1057,6,NA,NA,1055,5,NA,NA,2,1,0.2
Stikine,Lower Stikine,CO,LOWER STIKINE,LOWER STIKINE,CO-39,1998,1093,6,NA,NA,1079,5,NA,NA,14,1,1.3
Stikine,Lower Stikine,CO,LOWER STIKINE,LOWER STIKINE,CO-39,2002,12646,5,NA,NA,12646,5,NA,NA,NA,NA,0
Stikine,Lower Stikine,CO,LOWER STIKINE,LOWER STIKINE,CO-39,2004,3000,5,NA,NA,3000,5,NA,NA,NA,NA,0
Stikine,Lower Stikine,CO,LOWER STIKINE,LOWER STIKINE,CO-39,2005,3199,5,NA,NA,3199,5,NA,NA,NA,NA,0
Stikine,Lower Stikine,CO,LOWER STIKINE,LOWER STIKINE,CO-39,2006,2213,5,NA,NA,2213,5,NA,NA,NA,NA,0
Stikine,Lower Stikine,CO,LOWER STIKINE,LOWER STIKINE,CO-39,2007,1557,5,NA,NA,1557,5,NA,NA,NA,NA,0
Stikine,Lower Stikine,CO,LOWER STIKINE,LOWER STIKINE,CO-39,2008,1147,4,NA,NA,1147,4,NA,NA,NA,NA,0
Stikine,Lower Stikine,CO,LOWER STIKINE,LOWER STIKINE,CO-39,2009,2275,5,NA,NA,2275,5,NA,NA,NA,NA,0
Stikine,Lower Stikine,CO,LOWER STIKINE,LOWER STIKINE,CO-39,2010,1751,5,NA,NA,1751,5,NA,NA,NA,NA,0
Stikine,Lower Stikine,CO,LOWER STIKINE,LOWER STIKINE,CO-39,2011,2543,5,NA,NA,2543,5,NA,NA,NA,NA,0
Stikine,Lower Stikine,CO,LOWER STIKINE,LOWER STIKINE,CO-39,2012,339,2,NA,NA,339,2,NA,NA,NA,NA,0
Stikine,Lower Stikine,CO,LOWER STIKINE,LOWER STIKINE,CO-39,2013,1640,5,NA,NA,1640,5,NA,NA,NA,NA,0
Stikine,Lower Stikine,CO,LOWER STIKINE,LOWER STIKINE,CO-39,2014,1195,5,NA,NA,1195,5,NA,NA,NA,NA,0
Stikine,Lower Stikine,CO,LOWER STIKINE,LOWER STIKINE,CO-39,2015,1181,5,NA,NA,1181,5,NA,NA,NA,NA,0
Stikine,Lower Stikine,CO,LOWER STIKINE,LOWER STIKINE,CO-39,2016,292,4,NA,NA,292,4,NA,NA,NA,NA,0
Stikine,Lower Stikine,CO,LOWER STIKINE,LOWER STIKINE,CO-39,2017,1656,5,NA,NA,1656,5,NA,NA,NA,NA,0
Stikine,Lower Stikine,CO,LOWER STIKINE,LOWER STIKINE,CO-39,2018,1994,5,NA,NA,1994,5,NA,NA,NA,NA,0
Stikine,Lower Stikine,CO,LOWER STIKINE,LOWER STIKINE,CO-39,2019,398,5,NA,NA,398,5,NA,NA,NA,NA,0
Stikine,Lower Stikine,CO,LOWER STIKINE,LOWER STIKINE,CO-39,2020,199,1,NA,NA,199,1,NA,NA,NA,NA,0
Stikine,Lower Stikine,CO,LOWER STIKINE,LOWER STIKINE,CO-39,2021,2456,5,NA,NA,2456,5,NA,NA,NA,NA,0
Stikine,Lower Stikine,CM,LOWER STIKINE,NA,CM-34,NA,NA,NA,NA,NA,NA,NA,NA,NA,NA,NA,NA
Stikine,Lower Stikine,CK,STIKINE-EARLY TIMING,STIKINE-EARLY TIMING,CK-60,1975,275,1,NA,NA,NA,NA,NA,NA,275,1,100
Stikine,Lower Stikine,CK,STIKINE-EARLY TIMING,STIKINE-EARLY TIMING,CK-60,1979,3284,2,NA,NA,1166,1,NA,NA,2118,1,64.5
Stikine,Lower Stikine,CK,STIKINE-EARLY TIMING,STIKINE-EARLY TIMING,CK-60,1980,3219,3,NA,NA,2137,1,NA,NA,1082,2,33.6
Stikine,Lower Stikine,CK,STIKINE-EARLY TIMING,STIKINE-EARLY TIMING,CK-60,1981,5744,3,NA,NA,3334,1,NA,NA,2410,2,42
Stikine,Lower Stikine,CK,STIKINE-EARLY TIMING,STIKINE-EARLY TIMING,CK-60,1982,5087,3,NA,NA,2830,1,NA,NA,2257,2,44.4
Stikine,Lower Stikine,CK,STIKINE-EARLY TIMING,STIKINE-EARLY TIMING,CK-60,1983,1130,3,NA,NA,594,1,NA,NA,536,2,47.4
Stikine,Lower Stikine,CK,STIKINE-EARLY TIMING,STIKINE-EARLY TIMING,CK-60,1984,1420,2,NA,NA,1294,1,NA,NA,126,1,8.9
Stikine,Lower Stikine,CK,STIKINE-EARLY TIMING,STIKINE-EARLY TIMING,CK-60,1985,5067,3,3430,1,3430,1,NA,NA,1637,2,32.3
Stikine,Lower Stikine,CK,STIKINE-EARLY TIMING,STIKINE-EARLY TIMING,CK-60,1986,5046,3,3463,1,3463,1,NA,NA,1583,2,31.4
Stikine,Lower Stikine,CK,STIKINE-EARLY TIMING,STIKINE-EARLY TIMING,CK-60,1987,6850,3,5148,1,5148,1,NA,NA,1702,2,24.8
Stikine,Lower Stikine,CK,STIKINE-EARLY TIMING,STIKINE-EARLY TIMING,CK-60,1988,12596,3,NA,NA,NA,NA,NA,NA,12596,3,100
Stikine,Lower Stikine,CK,STIKINE-EARLY TIMING,STIKINE-EARLY TIMING,CK-60,1989,5276,2,NA,NA,NA,NA,NA,NA,5276,2,100
Stikine,Lower Stikine,CK,STIKINE-EARLY TIMING,STIKINE-EARLY TIMING,CK-60,1990,7214,3,NA,NA,NA,NA,NA,NA,7214,3,100
Stikine,Lower Stikine,CK,STIKINE-EARLY TIMING,STIKINE-EARLY TIMING,CK-60,1991,7457,3,NA,NA,NA,NA,NA,NA,7457,3,100
Stikine,Lower Stikine,CK,STIKINE-EARLY TIMING,STIKINE-EARLY TIMING,CK-60,1992,9011,3,NA,NA,NA,NA,NA,NA,9011,3,100
Stikine,Lower Stikine,CK,STIKINE-EARLY TIMING,STIKINE-EARLY TIMING,CK-60,1993,14515,3,NA,NA,NA,NA,NA,NA,14515,3,100
Stikine,Lower Stikine,CK,STIKINE-EARLY TIMING,STIKINE-EARLY TIMING,CK-60,1994,6692,2,NA,NA,NA,NA,NA,NA,6692,2,100
Stikine,Lower Stikine,CK,STIKINE-EARLY TIMING,STIKINE-EARLY TIMING,CK-60,1995,4055,3,NA,NA,NA,NA,NA,NA,4055,3,100
Stikine,Lower Stikine,CK,STIKINE-EARLY TIMING,STIKINE-EARLY TIMING,CK-60,1996,5833,3,NA,NA,NA,NA,NA,NA,5833,3,100
Stikine,Lower Stikine,CK,STIKINE-EARLY TIMING,STIKINE-EARLY TIMING,CK-60,1997,6089,3,NA,NA,NA,NA,NA,NA,6089,3,100
Stikine,Lower Stikine,CK,STIKINE-EARLY TIMING,STIKINE-EARLY TIMING,CK-60,1998,5628,3,NA,NA,NA,NA,NA,NA,5628,3,100
Stikine,Lower Stikine,CK,STIKINE-EARLY TIMING,STIKINE-EARLY TIMING,CK-60,1999,4940,1,NA,NA,NA,NA,NA,NA,4940,1,100
Stikine,Lower Stikine,CK,STIKINE-EARLY TIMING,STIKINE-EARLY TIMING,CK-60,2000,6739,1,6739,1,6739,1,NA,NA,NA,NA,0
Stikine,Lower Stikine,CK,STIKINE-EARLY TIMING,STIKINE-EARLY TIMING,CK-60,2001,9970,1,9970,1,9970,1,NA,NA,NA,NA,0
Stikine,Lower Stikine,CK,STIKINE-EARLY TIMING,STIKINE-EARLY TIMING,CK-60,2002,7972,1,7972,1,7972,1,NA,NA,NA,NA,0
Stikine,Lower Stikine,CK,STIKINE-EARLY TIMING,STIKINE-EARLY TIMING,CK-60,2003,6760,1,6760,1,6760,1,NA,NA,NA,NA,0
Stikine,Lower Stikine,CK,STIKINE-EARLY TIMING,STIKINE-EARLY TIMING,CK-60,2004,16631,1,16631,1,16631,1,NA,NA,NA,NA,0
Stikine,Lower Stikine,CK,STIKINE-EARLY TIMING,STIKINE-EARLY TIMING,CK-60,2005,7484,1,7484,1,7484,1,NA,NA,NA,NA,0
Stikine,Lower Stikine,CK,STIKINE-EARLY TIMING,STIKINE-EARLY TIMING,CK-60,2006,3945,1,3945,1,3945,1,NA,NA,NA,NA,0
Stikine,Lower Stikine,CK,STIKINE-EARLY TIMING,STIKINE-EARLY TIMING,CK-60,2007,574,1,574,1,574,1,NA,NA,NA,NA,0
Stikine,Lower Stikine,CK,STIKINE-EARLY TIMING,STIKINE-EARLY TIMING,CK-60,2008,2802,1,2802,1,2802,1,NA,NA,NA,NA,0
Stikine,Lower Stikine,CK,STIKINE-EARLY TIMING,STIKINE-EARLY TIMING,CK-60,2009,2344,1,2344,1,2344,1,NA,NA,NA,NA,0
Stikine,Lower Stikine,CK,STIKINE-EARLY TIMING,STIKINE-EARLY TIMING,CK-60,2010,1278,1,1278,1,1278,1,NA,NA,NA,NA,0
Stikine,Lower Stikine,CK,STIKINE-EARLY TIMING,STIKINE-EARLY TIMING,CK-60,2011,1252,1,1252,1,1252,1,NA,NA,NA,NA,0
Stikine,Lower Stikine,CK,STIKINE-EARLY TIMING,STIKINE-EARLY TIMING,CK-60,2012,771,1,771,1,771,1,NA,NA,NA,NA,0
Stikine,Lower Stikine,CK,STIKINE-EARLY TIMING,STIKINE-EARLY TIMING,CK-60,2013,1061,1,1061,1,1061,1,NA,NA,NA,NA,0
Stikine,Lower Stikine,CK,STIKINE-EARLY TIMING,STIKINE-EARLY TIMING,CK-60,2014,738,3,209,1,738,3,NA,NA,NA,NA,0
Stikine,Lower Stikine,CK,STIKINE-EARLY TIMING,STIKINE-EARLY TIMING,CK-60,2015,1003,3,920,1,1003,3,NA,NA,NA,NA,0
Stikine,Lower Stikine,CK,STIKINE-EARLY TIMING,STIKINE-EARLY TIMING,CK-60,2016,1359,3,1239,1,1359,3,NA,NA,NA,NA,0
Stikine,Lower Stikine,CK,STIKINE-EARLY TIMING,STIKINE-EARLY TIMING,CK-60,2017,739,1,739,1,739,1,NA,NA,NA,NA,0
Stikine,Lower Stikine,CK,STIKINE-EARLY TIMING,STIKINE-EARLY TIMING,CK-60,2018,883,2,866,1,883,2,NA,NA,NA,NA,0
Stikine,Lower Stikine,CK,STIKINE-EARLY TIMING,STIKINE-EARLY TIMING,CK-60,2019,56,2,NA,NA,56,2,NA,NA,NA,NA,0
Stikine,Lower Stikine,CK,STIKINE-EARLY TIMING,STIKINE-EARLY TIMING,CK-60,2020,1416,1,1416,1,1416,1,NA,NA,NA,NA,0
Stikine,Lower Stikine,CK,STIKINE-EARLY TIMING,STIKINE-EARLY TIMING,CK-60,2021,1567,3,1471,1,1567,3,NA,NA,NA,NA,0
Stikine,Lower Stikine,CK,STIKINE-LATE TIMING,STIKINE-LATE TIMING,CK-61,1977,290,1,NA,NA,NA,NA,NA,NA,290,1,100
Stikine,Lower Stikine,CK,STIKINE-LATE TIMING,STIKINE-LATE TIMING,CK-61,1979,2118,1,NA,NA,NA,NA,NA,NA,2118,1,100
Stikine,Lower Stikine,CK,STIKINE-LATE TIMING,STIKINE-LATE TIMING,CK-61,1980,1960,1,NA,NA,NA,NA,NA,NA,1960,1,100
Stikine,Lower Stikine,CK,STIKINE-LATE TIMING,STIKINE-LATE TIMING,CK-61,1981,1852,1,NA,NA,NA,NA,NA,NA,1852,1,100
Stikine,Lower Stikine,CK,STIKINE-LATE TIMING,STIKINE-LATE TIMING,CK-61,1982,1690,1,NA,NA,NA,NA,NA,NA,1690,1,100
Stikine,Lower Stikine,CK,STIKINE-LATE TIMING,STIKINE-LATE TIMING,CK-61,1983,453,1,NA,NA,NA,NA,NA,NA,453,1,100
Stikine,Lower Stikine,CK,STIKINE-LATE TIMING,STIKINE-LATE TIMING,CK-61,1985,1490,1,NA,NA,NA,NA,NA,NA,1490,1,100
Stikine,Lower Stikine,CK,STIKINE-LATE TIMING,STIKINE-LATE TIMING,CK-61,1986,1400,1,NA,NA,NA,NA,NA,NA,1400,1,100
Stikine,Lower Stikine,CK,STIKINE-LATE TIMING,STIKINE-LATE TIMING,CK-61,1987,1390,1,NA,NA,NA,NA,NA,NA,1390,1,100
Stikine,Lower Stikine,CK,STIKINE-LATE TIMING,STIKINE-LATE TIMING,CK-61,1988,4384,1,NA,NA,NA,NA,NA,NA,4384,1,100
Stikine,Lower Stikine,CK,STIKINE-LATE TIMING,STIKINE-LATE TIMING,CK-61,1990,2134,1,NA,NA,NA,NA,NA,NA,2134,1,100
Stikine,Lower Stikine,CK,STIKINE-LATE TIMING,STIKINE-LATE TIMING,CK-61,1991,2445,1,NA,NA,NA,NA,NA,NA,2445,1,100
Stikine,Lower Stikine,CK,STIKINE-LATE TIMING,STIKINE-LATE TIMING,CK-61,1992,1891,1,NA,NA,NA,NA,NA,NA,1891,1,100
Stikine,Lower Stikine,CK,STIKINE-LATE TIMING,STIKINE-LATE TIMING,CK-61,1993,4010,1,NA,NA,NA,NA,NA,NA,4010,1,100
Stikine,Lower Stikine,CK,STIKINE-LATE TIMING,STIKINE-LATE TIMING,CK-61,1994,2422,1,NA,NA,NA,NA,NA,NA,2422,1,100
Stikine,Lower Stikine,CK,STIKINE-LATE TIMING,STIKINE-LATE TIMING,CK-61,1995,696,1,NA,NA,NA,NA,NA,NA,696,1,100
Stikine,Lower Stikine,CK,STIKINE-LATE TIMING,STIKINE-LATE TIMING,CK-61,1996,32490,2,31718,1,31718,1,NA,NA,772,1,2.4
Stikine,Lower Stikine,CK,STIKINE-LATE TIMING,STIKINE-LATE TIMING,CK-61,1997,31769,2,31509,1,31509,1,NA,NA,260,1,0.8
Stikine,Lower Stikine,CK,STIKINE-LATE TIMING,STIKINE-LATE TIMING,CK-61,1998,28720,2,28133,1,28133,1,NA,NA,587,1,2
Stikine,Lower Stikine,CK,STIKINE-LATE TIMING,STIKINE-LATE TIMING,CK-61,1999,23716,1,23716,1,23716,1,NA,NA,NA,NA,0
Stikine,Lower Stikine,CK,STIKINE-LATE TIMING,STIKINE-LATE TIMING,CK-61,2000,30301,1,30301,1,30301,1,NA,NA,NA,NA,0
Stikine,Lower Stikine,CK,STIKINE-LATE TIMING,STIKINE-LATE TIMING,CK-61,2001,66646,1,66646,1,66646,1,NA,NA,NA,NA,0
Stikine,Lower Stikine,CK,STIKINE-LATE TIMING,STIKINE-LATE TIMING,CK-61,2002,53983,1,53983,1,53983,1,NA,NA,NA,NA,0
Stikine,Lower Stikine,CK,STIKINE-LATE TIMING,STIKINE-LATE TIMING,CK-61,2003,43022,1,43022,1,43022,1,NA,NA,NA,NA,0
Stikine,Lower Stikine,CK,STIKINE-LATE TIMING,STIKINE-LATE TIMING,CK-61,2004,52538,1,52538,1,52538,1,NA,NA,NA,NA,0
Stikine,Lower Stikine,CK,STIKINE-LATE TIMING,STIKINE-LATE TIMING,CK-61,2005,63373,1,63373,1,63373,1,NA,NA,NA,NA,0
Stikine,Lower Stikine,CK,STIKINE-LATE TIMING,STIKINE-LATE TIMING,CK-61,2006,40181,1,40181,1,40181,1,NA,NA,NA,NA,0
Stikine,Lower Stikine,CK,STIKINE-LATE TIMING,STIKINE-LATE TIMING,CK-61,2007,25069,1,25069,1,25069,1,NA,NA,NA,NA,0
Stikine,Lower Stikine,CK,STIKINE-LATE TIMING,STIKINE-LATE TIMING,CK-61,2008,26284,1,26284,1,26284,1,NA,NA,NA,NA,0
Stikine,Lower Stikine,CK,STIKINE-LATE TIMING,STIKINE-LATE TIMING,CK-61,2009,15118,1,15118,1,15118,1,NA,NA,NA,NA,0
Stikine,Lower Stikine,CK,STIKINE-LATE TIMING,STIKINE-LATE TIMING,CK-61,2010,18312,1,18312,1,18312,1,NA,NA,NA,NA,0
Stikine,Lower Stikine,CK,STIKINE-LATE TIMING,STIKINE-LATE TIMING,CK-61,2011,17652,1,17652,1,17652,1,NA,NA,NA,NA,0
Stikine,Lower Stikine,CK,STIKINE-LATE TIMING,STIKINE-LATE TIMING,CK-61,2012,27542,1,27542,1,27542,1,NA,NA,NA,NA,0
Stikine,Lower Stikine,CK,STIKINE-LATE TIMING,STIKINE-LATE TIMING,CK-61,2013,20154,1,20154,1,20154,1,NA,NA,NA,NA,0
Stikine,Lower Stikine,CK,STIKINE-LATE TIMING,STIKINE-LATE TIMING,CK-61,2014,27701,1,27701,1,27701,1,NA,NA,NA,NA,0
Stikine,Lower Stikine,CK,STIKINE-LATE TIMING,STIKINE-LATE TIMING,CK-61,2015,25855,1,25855,1,25855,1,NA,NA,NA,NA,0
Stikine,Lower Stikine,CK,STIKINE-LATE TIMING,STIKINE-LATE TIMING,CK-61,2016,13789,1,13789,1,13789,1,NA,NA,NA,NA,0
Stikine,Lower Stikine,CK,STIKINE-LATE TIMING,STIKINE-LATE TIMING,CK-61,2017,7938,1,7938,1,7938,1,NA,NA,NA,NA,0
Stikine,Lower Stikine,CK,STIKINE-LATE TIMING,STIKINE-LATE TIMING,CK-61,2018,8768,1,8768,1,8768,1,NA,NA,NA,NA,0
Stikine,Lower Stikine,CK,STIKINE-LATE TIMING,STIKINE-LATE TIMING,CK-61,2019,14150,1,14150,1,14150,1,NA,NA,NA,NA,0
Stikine,Lower Stikine,CK,STIKINE-LATE TIMING,STIKINE-LATE TIMING,CK-61,2020,10142,1,10142,1,10142,1,NA,NA,NA,NA,0
Stikine,Lower Stikine,CK,STIKINE-LATE TIMING,STIKINE-LATE TIMING,CK-61,2021,8558,1,8558,1,8558,1,NA,NA,NA,NA,0
Stikine,Lower Stikine,SEL,TAHLTAN,TAHLTAN,SEL-26-02,1959,4311,1,NA,NA,NA,NA,NA,NA,4311,1,100
Stikine,Lower Stikine,SEL,TAHLTAN,TAHLTAN,SEL-26-02,1960,6387,1,NA,NA,NA,NA,NA,NA,6387,1,100
Stikine,Lower Stikine,SEL,TAHLTAN,TAHLTAN,SEL-26-02,1961,16619,1,NA,NA,NA,NA,NA,NA,16619,1,100
Stikine,Lower Stikine,SEL,TAHLTAN,TAHLTAN,SEL-26-02,1962,14508,1,NA,NA,NA,NA,NA,NA,14508,1,100
Stikine,Lower Stikine,SEL,TAHLTAN,TAHLTAN,SEL-26-02,1963,1780,1,NA,NA,NA,NA,NA,NA,1780,1,100
Stikine,Lower Stikine,SEL,TAHLTAN,TAHLTAN,SEL-26-02,1964,18353,1,NA,NA,NA,NA,NA,NA,18353,1,100
Stikine,Lower Stikine,SEL,TAHLTAN,TAHLTAN,SEL-26-02,1965,1471,1,NA,NA,NA,NA,NA,NA,1471,1,100
Stikine,Lower Stikine,SEL,TAHLTAN,TAHLTAN,SEL-26-02,1966,21580,1,NA,NA,NA,NA,NA,NA,21580,1,100
Stikine,Lower Stikine,SEL,TAHLTAN,TAHLTAN,SEL-26-02,1967,38801,1,NA,NA,NA,NA,NA,NA,38801,1,100
Stikine,Lower Stikine,SEL,TAHLTAN,TAHLTAN,SEL-26-02,1968,19726,1,NA,NA,NA,NA,NA,NA,19726,1,100
Stikine,Lower Stikine,SEL,TAHLTAN,TAHLTAN,SEL-26-02,1969,11805,1,NA,NA,NA,NA,NA,NA,11805,1,100
Stikine,Lower Stikine,SEL,TAHLTAN,TAHLTAN,SEL-26-02,1970,8419,1,NA,NA,NA,NA,NA,NA,8419,1,100
Stikine,Lower Stikine,SEL,TAHLTAN,TAHLTAN,SEL-26-02,1971,18523,1,NA,NA,NA,NA,NA,NA,18523,1,100
Stikine,Lower Stikine,SEL,TAHLTAN,TAHLTAN,SEL-26-02,1972,52545,1,NA,NA,NA,NA,NA,NA,52545,1,100
Stikine,Lower Stikine,SEL,TAHLTAN,TAHLTAN,SEL-26-02,1973,2877,1,NA,NA,NA,NA,NA,NA,2877,1,100
Stikine,Lower Stikine,SEL,TAHLTAN,TAHLTAN,SEL-26-02,1974,8101,1,NA,NA,NA,NA,NA,NA,8101,1,100
Stikine,Lower Stikine,SEL,TAHLTAN,TAHLTAN,SEL-26-02,1975,8159,1,NA,NA,NA,NA,NA,NA,8159,1,100
Stikine,Lower Stikine,SEL,TAHLTAN,TAHLTAN,SEL-26-02,1976,24111,1,NA,NA,NA,NA,NA,NA,24111,1,100
Stikine,Lower Stikine,SEL,TAHLTAN,TAHLTAN,SEL-26-02,1977,42960,1,NA,NA,NA,NA,NA,NA,42960,1,100
Stikine,Lower Stikine,SEL,TAHLTAN,TAHLTAN,SEL-26-02,1978,22788,1,NA,NA,NA,NA,NA,NA,22788,1,100
Stikine,Lower Stikine,SEL,TAHLTAN,TAHLTAN,SEL-26-02,1979,10211,1,NA,NA,NA,NA,NA,NA,10211,1,100
Stikine,Lower Stikine,SEL,TAHLTAN,TAHLTAN,SEL-26-02,1980,11018,1,NA,NA,NA,NA,NA,NA,11018,1,100
Stikine,Lower Stikine,SEL,TAHLTAN,TAHLTAN,SEL-26-02,1981,50790,1,NA,NA,NA,NA,NA,NA,50790,1,100
Stikine,Lower Stikine,SEL,TAHLTAN,TAHLTAN,SEL-26-02,1982,28257,1,NA,NA,NA,NA,NA,NA,28257,1,100
Stikine,Lower Stikine,SEL,TAHLTAN,TAHLTAN,SEL-26-02,1983,21256,1,NA,NA,NA,NA,NA,NA,21256,1,100
Stikine,Lower Stikine,SEL,TAHLTAN,TAHLTAN,SEL-26-02,1984,32777,1,NA,NA,NA,NA,NA,NA,32777,1,100
Stikine,Lower Stikine,SEL,TAHLTAN,TAHLTAN,SEL-26-02,1985,67326,1,NA,NA,NA,NA,NA,NA,67326,1,100
Stikine,Lower Stikine,SEL,TAHLTAN,TAHLTAN,SEL-26-02,1986,20280,1,NA,NA,NA,NA,NA,NA,20280,1,100
Stikine,Lower Stikine,SEL,TAHLTAN,TAHLTAN,SEL-26-02,1987,6958,1,NA,NA,NA,NA,NA,NA,6958,1,100
Stikine,Lower Stikine,SEL,TAHLTAN,TAHLTAN,SEL-26-02,1988,2536,1,NA,NA,NA,NA,NA,NA,2536,1,100
Stikine,Lower Stikine,SEL,TAHLTAN,TAHLTAN,SEL-26-02,1989,8316,1,NA,NA,NA,NA,NA,NA,8316,1,100
Stikine,Lower Stikine,SEL,TAHLTAN,TAHLTAN,SEL-26-02,1990,14927,1,NA,NA,NA,NA,NA,NA,14927,1,100
Stikine,Lower Stikine,SEL,TAHLTAN,TAHLTAN,SEL-26-02,1991,50135,1,NA,NA,NA,NA,NA,NA,50135,1,100
Stikine,Lower Stikine,SEL,TAHLTAN,TAHLTAN,SEL-26-02,1992,59907,1,NA,NA,NA,NA,NA,NA,59907,1,100
Stikine,Lower Stikine,SEL,TAHLTAN,TAHLTAN,SEL-26-02,1993,53362,1,NA,NA,NA,NA,NA,NA,53362,1,100
Stikine,Lower Stikine,SEL,TAHLTAN,TAHLTAN,SEL-26-02,1994,46363,1,NA,NA,NA,NA,NA,NA,46363,1,100
Stikine,Lower Stikine,SEL,TAHLTAN,TAHLTAN,SEL-26-02,1995,42317,1,NA,NA,NA,NA,NA,NA,42317,1,100
Stikine,Lower Stikine,SEL,TAHLTAN,TAHLTAN,SEL-26-02,1996,52500,1,NA,NA,NA,NA,NA,NA,52500,1,100
Stikine,Lower Stikine,SEL,TAHLTAN,TAHLTAN,SEL-26-02,1997,12483,1,NA,NA,NA,NA,NA,NA,12483,1,100
Stikine,Lower Stikine,SEL,TAHLTAN,TAHLTAN,SEL-26-02,1998,12658,1,NA,NA,NA,NA,NA,NA,12658,1,100
Stikine,Lower Stikine,SEL,TAHLTAN,TAHLTAN,SEL-26-02,1999,10748,1,NA,NA,NA,NA,NA,NA,10748,1,100
Stikine,Lower Stikine,SEL,TAHLTAN,TAHLTAN,SEL-26-02,2000,6076,1,6076,1,6076,1,NA,NA,NA,NA,0
Stikine,Lower Stikine,SEL,TAHLTAN,TAHLTAN,SEL-26-02,2001,14811,1,14811,1,14811,1,NA,NA,NA,NA,0
Stikine,Lower Stikine,SEL,TAHLTAN,TAHLTAN,SEL-26-02,2002,17740,1,17740,1,17740,1,NA,NA,NA,NA,0
Stikine,Lower Stikine,SEL,TAHLTAN,TAHLTAN,SEL-26-02,2003,53933,1,53933,1,53933,1,NA,NA,NA,NA,0
Stikine,Lower Stikine,SEL,TAHLTAN,TAHLTAN,SEL-26-02,2004,63372,1,63372,1,63372,1,NA,NA,NA,NA,0
Stikine,Lower Stikine,SEL,TAHLTAN,TAHLTAN,SEL-26-02,2005,43446,1,43446,1,43446,1,NA,NA,NA,NA,0
Stikine,Lower Stikine,SEL,TAHLTAN,TAHLTAN,SEL-26-02,2006,53855,1,53855,1,53855,1,NA,NA,NA,NA,0
Stikine,Lower Stikine,SEL,TAHLTAN,TAHLTAN,SEL-26-02,2007,21074,1,21074,1,21074,1,NA,NA,NA,NA,0
Stikine,Lower Stikine,SEL,TAHLTAN,TAHLTAN,SEL-26-02,2008,10516,1,10516,1,10516,1,NA,NA,NA,NA,0
Stikine,Lower Stikine,SEL,TAHLTAN,TAHLTAN,SEL-26-02,2009,30673,1,30673,1,30673,1,NA,NA,NA,NA,0
Stikine,Lower Stikine,SEL,TAHLTAN,TAHLTAN,SEL-26-02,2010,22860,1,22860,1,22860,1,NA,NA,NA,NA,0
Stikine,Lower Stikine,SEL,TAHLTAN,TAHLTAN,SEL-26-02,2011,34588,1,34588,1,34588,1,NA,NA,NA,NA,0
Stikine,Lower Stikine,SEL,TAHLTAN,TAHLTAN,SEL-26-02,2012,13687,1,13687,1,13687,1,NA,NA,NA,NA,0
Stikine,Lower Stikine,SEL,TAHLTAN,TAHLTAN,SEL-26-02,2013,15828,1,15828,1,15828,1,NA,NA,NA,NA,0
Stikine,Lower Stikine,SEL,TAHLTAN,TAHLTAN,SEL-26-02,2014,40145,1,40145,1,40145,1,NA,NA,NA,NA,0
Stikine,Lower Stikine,SEL,TAHLTAN,TAHLTAN,SEL-26-02,2015,33159,1,33159,1,33159,1,NA,NA,NA,NA,0
Stikine,Lower Stikine,SEL,TAHLTAN,TAHLTAN,SEL-26-02,2016,38631,1,38631,1,38631,1,NA,NA,NA,NA,0
Stikine,Lower Stikine,SEL,TAHLTAN,TAHLTAN,SEL-26-02,2017,19241,1,19241,1,19241,1,NA,NA,NA,NA,0
Stikine,Lower Stikine,SEL,TAHLTAN,TAHLTAN,SEL-26-02,2018,19208,1,19208,1,19208,1,NA,NA,NA,NA,0
Stikine,Lower Stikine,SEL,TAHLTAN,TAHLTAN,SEL-26-02,2019,36999,1,36999,1,36999,1,NA,NA,NA,NA,0
Taku,Taku,SEL,KING SALMON LAKE,KING SALMON,SEL-28-05,2003,2970,1,NA,NA,NA,NA,2970,1,NA,NA,100
Taku,Taku,SEL,KING SALMON LAKE,KING SALMON,SEL-28-05,2004,5005,1,5005,1,5005,1,NA,NA,NA,NA,0
Taku,Taku,SEL,KING SALMON LAKE,KING SALMON,SEL-28-05,2005,1046,1,1046,1,1046,1,NA,NA,NA,NA,0
Taku,Taku,SEL,KING SALMON LAKE,KING SALMON,SEL-28-05,2006,2177,1,2177,1,2177,1,NA,NA,NA,NA,0
Taku,Taku,SEL,KING SALMON LAKE,KING SALMON,SEL-28-05,2008,888,1,888,1,888,1,NA,NA,NA,NA,0
Taku,Taku,SEL,KING SALMON LAKE,KING SALMON,SEL-28-05,2009,1100,1,NA,NA,1100,1,NA,NA,NA,NA,0
Taku,Taku,SEL,KING SALMON LAKE,KING SALMON,SEL-28-05,2010,2977,1,2977,1,2977,1,NA,NA,NA,NA,0
Taku,Taku,SEL,KING SALMON LAKE,KING SALMON,SEL-28-05,2011,2899,1,NA,NA,2899,1,NA,NA,NA,NA,0
Taku,Taku,SEL,KING SALMON LAKE,KING SALMON,SEL-28-05,2012,6913,1,6913,1,6913,1,NA,NA,NA,NA,0
Taku,Taku,SEL,KING SALMON LAKE,KING SALMON,SEL-28-05,2013,470,1,470,1,470,1,NA,NA,NA,NA,0
Taku,Taku,SEL,KING SALMON LAKE,KING SALMON,SEL-28-05,2014,1061,1,1061,1,1061,1,NA,NA,NA,NA,0
Taku,Taku,SEL,KING SALMON LAKE,KING SALMON,SEL-28-05,2015,1683,1,1683,1,1683,1,NA,NA,NA,NA,0
Taku,Taku,SEL,KING SALMON LAKE,KING SALMON,SEL-28-05,2016,6404,1,6404,1,6404,1,NA,NA,NA,NA,0
Taku,Taku,SEL,KING SALMON LAKE,KING SALMON,SEL-28-05,2017,439,1,439,1,439,1,NA,NA,NA,NA,0
Taku,Taku,SEL,KING SALMON LAKE,KING SALMON,SEL-28-05,2018,3375,1,3375,1,3375,1,NA,NA,NA,NA,0
Taku,Taku,SEL,KING SALMON LAKE,KING SALMON,SEL-28-05,2019,4294,1,4294,1,4294,1,NA,NA,NA,NA,0
Taku,Taku,SEL,KING SALMON LAKE,KING SALMON,SEL-28-05,2020,17733,1,17733,1,17733,1,NA,NA,NA,NA,0
Taku,Taku,SEL,KING SALMON LAKE,KING SALMON,SEL-28-05,2021,6839,1,6839,1,6839,1,NA,NA,NA,NA,0
Taku,Taku,SEL,KING SALMON LAKE,KING SALMON,SEL-28-05,2022,9375,1,9375,1,9375,1,NA,NA,NA,NA,0
Taku,Taku,SEL,KUTHAI,KUTHAI,SEL-28-01,1980,1658,1,NA,NA,NA,NA,NA,NA,1658,1,100
Taku,Taku,SEL,KUTHAI,KUTHAI,SEL-28-01,1981,2299,1,NA,NA,NA,NA,NA,NA,2299,1,100
Taku,Taku,SEL,KUTHAI,KUTHAI,SEL-28-01,1992,1457,1,NA,NA,NA,NA,NA,NA,1457,1,100
Taku,Taku,SEL,KUTHAI,KUTHAI,SEL-28-01,1993,6312,1,NA,NA,NA,NA,NA,NA,6312,1,100
Taku,Taku,SEL,KUTHAI,KUTHAI,SEL-28-01,1994,5427,1,NA,NA,NA,NA,NA,NA,5427,1,100
Taku,Taku,SEL,KUTHAI,KUTHAI,SEL-28-01,1995,3310,1,NA,NA,NA,NA,NA,NA,3310,1,100
Taku,Taku,SEL,KUTHAI,KUTHAI,SEL-28-01,1996,4243,1,NA,NA,NA,NA,NA,NA,4243,1,100
Taku,Taku,SEL,KUTHAI,KUTHAI,SEL-28-01,1997,5746,1,NA,NA,NA,NA,NA,NA,5746,1,100
Taku,Taku,SEL,KUTHAI,KUTHAI,SEL-28-01,1998,1934,1,NA,NA,NA,NA,NA,NA,1934,1,100
Taku,Taku,SEL,KUTHAI,KUTHAI,SEL-28-01,1999,10042,1,NA,NA,NA,NA,NA,NA,10042,1,100
Taku,Taku,SEL,KUTHAI,KUTHAI,SEL-28-01,2000,4096,1,4096,1,4096,1,NA,NA,NA,NA,0
Taku,Taku,SEL,KUTHAI,KUTHAI,SEL-28-01,2001,1663,1,1663,1,1663,1,NA,NA,NA,NA,0
Taku,Taku,SEL,KUTHAI,KUTHAI,SEL-28-01,2002,7697,1,7697,1,7697,1,NA,NA,NA,NA,0
Taku,Taku,SEL,KUTHAI,KUTHAI,SEL-28-01,2003,7769,1,7769,1,7769,1,NA,NA,NA,NA,0
Taku,Taku,SEL,KUTHAI,KUTHAI,SEL-28-01,2004,1578,1,1578,1,1578,1,NA,NA,NA,NA,0
Taku,Taku,SEL,KUTHAI,KUTHAI,SEL-28-01,2005,6004,1,6004,1,6004,1,NA,NA,NA,NA,0
Taku,Taku,SEL,KUTHAI,KUTHAI,SEL-28-01,2006,1015,1,1015,1,1015,1,NA,NA,NA,NA,0
Taku,Taku,SEL,KUTHAI,KUTHAI,SEL-28-01,2007,204,1,204,1,204,1,NA,NA,NA,NA,0
Taku,Taku,SEL,KUTHAI,KUTHAI,SEL-28-01,2012,182,1,182,1,182,1,NA,NA,NA,NA,0
Taku,Taku,SEL,KUTHAI,KUTHAI,SEL-28-01,2013,1195,1,1195,1,1195,1,NA,NA,NA,NA,0
Taku,Taku,SEL,KUTHAI,KUTHAI,SEL-28-01,2014,208,1,208,1,208,1,NA,NA,NA,NA,0
Taku,Taku,SEL,KUTHAI,KUTHAI,SEL-28-01,2015,341,1,341,1,341,1,NA,NA,NA,NA,0
Taku,Taku,SEL,KUTHAI,KUTHAI,SEL-28-01,2016,1476,1,1476,1,1476,1,NA,NA,NA,NA,0
Taku,Taku,SEL,KUTHAI,KUTHAI,SEL-28-01,2017,299,1,299,1,299,1,NA,NA,NA,NA,0
Taku,Taku,SEL,KUTHAI,KUTHAI,SEL-28-01,2018,13,1,13,1,13,1,NA,NA,NA,NA,0
Taku,Taku,SEL,LITTLE TRAPPER,LITTLE TRAPPER,SEL-28-02,1983,14889,1,14889,1,14889,1,NA,NA,NA,NA,0
Taku,Taku,SEL,LITTLE TRAPPER,LITTLE TRAPPER,SEL-28-02,1984,13820,1,13820,1,13820,1,NA,NA,NA,NA,0
Taku,Taku,SEL,LITTLE TRAPPER,LITTLE TRAPPER,SEL-28-02,1985,12007,1,12007,1,12007,1,NA,NA,NA,NA,0
Taku,Taku,SEL,LITTLE TRAPPER,LITTLE TRAPPER,SEL-28-02,1986,10637,1,10637,1,10637,1,NA,NA,NA,NA,0
Taku,Taku,SEL,LITTLE TRAPPER,LITTLE TRAPPER,SEL-28-02,1987,9606,1,9606,1,9606,1,NA,NA,NA,NA,0
Taku,Taku,SEL,LITTLE TRAPPER,LITTLE TRAPPER,SEL-28-02,1988,9443,1,9443,1,9443,1,NA,NA,NA,NA,0
Taku,Taku,SEL,LITTLE TRAPPER,LITTLE TRAPPER,SEL-28-02,1989,22942,1,22942,1,22942,1,NA,NA,NA,NA,0
Taku,Taku,SEL,LITTLE TRAPPER,LITTLE TRAPPER,SEL-28-02,1990,14372,1,14372,1,14372,1,NA,NA,NA,NA,0
Taku,Taku,SEL,LITTLE TRAPPER,LITTLE TRAPPER,SEL-28-02,1991,17432,1,17432,1,17432,1,NA,NA,NA,NA,0
Taku,Taku,SEL,LITTLE TRAPPER,LITTLE TRAPPER,SEL-28-02,1992,13438,1,13438,1,13438,1,NA,NA,NA,NA,0
Taku,Taku,SEL,LITTLE TRAPPER,LITTLE TRAPPER,SEL-28-02,1993,11524,1,11524,1,11524,1,NA,NA,NA,NA,0
Taku,Taku,SEL,LITTLE TRAPPER,LITTLE TRAPPER,SEL-28-02,1994,5483,1,5483,1,5483,1,NA,NA,NA,NA,0
Taku,Taku,SEL,LITTLE TRAPPER,LITTLE TRAPPER,SEL-28-02,1995,5924,1,5924,1,5924,1,NA,NA,NA,NA,0
Taku,Taku,SEL,LITTLE TRAPPER,LITTLE TRAPPER,SEL-28-02,1996,8717,1,8717,1,8717,1,NA,NA,NA,NA,0
Taku,Taku,SEL,LITTLE TRAPPER,LITTLE TRAPPER,SEL-28-02,1997,11801,1,11801,1,11801,1,NA,NA,NA,NA,0
Taku,Taku,SEL,LITTLE TRAPPER,LITTLE TRAPPER,SEL-28-02,1998,725,1,725,1,725,1,NA,NA,NA,NA,0
Taku,Taku,SEL,LITTLE TRAPPER,LITTLE TRAPPER,SEL-28-02,2001,16860,1,16860,1,16860,1,NA,NA,NA,NA,0
Taku,Taku,SEL,LITTLE TRAPPER,LITTLE TRAPPER,SEL-28-02,2002,11484,1,11484,1,11484,1,NA,NA,NA,NA,0
Taku,Taku,SEL,LITTLE TRAPPER,LITTLE TRAPPER,SEL-28-02,2003,31227,1,31227,1,31227,1,NA,NA,NA,NA,0
Taku,Taku,SEL,LITTLE TRAPPER,LITTLE TRAPPER,SEL-28-02,2004,9613,1,9613,1,9613,1,NA,NA,NA,NA,0
Taku,Taku,SEL,LITTLE TRAPPER,LITTLE TRAPPER,SEL-28-02,2005,16009,1,16009,1,16009,1,NA,NA,NA,NA,0
Taku,Taku,SEL,LITTLE TRAPPER,LITTLE TRAPPER,SEL-28-02,2006,25265,1,25265,1,25265,1,NA,NA,NA,NA,0
Taku,Taku,SEL,LITTLE TRAPPER,LITTLE TRAPPER,SEL-28-02,2007,7153,1,7153,1,7153,1,NA,NA,NA,NA,0
Taku,Taku,SEL,LITTLE TRAPPER,LITTLE TRAPPER,SEL-28-02,2009,5552,1,5552,1,5552,1,NA,NA,NA,NA,0
Taku,Taku,SEL,LITTLE TRAPPER,LITTLE TRAPPER,SEL-28-02,2010,3372,1,3372,1,3372,1,NA,NA,NA,NA,0
Taku,Taku,SEL,LITTLE TRAPPER,LITTLE TRAPPER,SEL-28-02,2011,3809,1,3809,1,3809,1,NA,NA,NA,NA,0
Taku,Taku,SEL,LITTLE TRAPPER,LITTLE TRAPPER,SEL-28-02,2012,10015,1,10015,1,10015,1,NA,NA,NA,NA,0
Taku,Taku,SEL,LITTLE TRAPPER,LITTLE TRAPPER,SEL-28-02,2013,4840,1,4840,1,4840,1,NA,NA,NA,NA,0
Taku,Taku,SEL,LITTLE TRAPPER,LITTLE TRAPPER,SEL-28-02,2014,6707,1,6707,1,6707,1,NA,NA,NA,NA,0
Taku,Taku,SEL,LITTLE TRAPPER,LITTLE TRAPPER,SEL-28-02,2015,13253,1,13253,1,13253,1,NA,NA,NA,NA,0
Taku,Taku,SEL,LITTLE TRAPPER,LITTLE TRAPPER,SEL-28-02,2016,7771,1,7771,1,7771,1,NA,NA,NA,NA,0
Taku,Taku,SEL,LITTLE TRAPPER,LITTLE TRAPPER,SEL-28-02,2017,6552,1,6552,1,6552,1,NA,NA,NA,NA,0
Taku,Taku,SEL,LITTLE TRAPPER,LITTLE TRAPPER,SEL-28-02,2018,8249,1,8249,1,8249,1,NA,NA,NA,NA,0
Taku,Taku,CM,TAKU,NA,CM-36,NA,NA,NA,NA,NA,NA,NA,NA,NA,NA,NA,NA
Taku,Taku,CK,TAKU-EARLY TIMING,TAKU-EARLY TIMING,CK-63,1975,289,2,NA,NA,NA,NA,NA,NA,289,2,100
Taku,Taku,CK,TAKU-EARLY TIMING,TAKU-EARLY TIMING,CK-63,1976,765,2,NA,NA,NA,NA,NA,NA,765,2,100
Taku,Taku,CK,TAKU-EARLY TIMING,TAKU-EARLY TIMING,CK-63,1977,668,2,NA,NA,NA,NA,NA,NA,668,2,100
Taku,Taku,CK,TAKU-EARLY TIMING,TAKU-EARLY TIMING,CK-63,1978,645,2,NA,NA,NA,NA,NA,NA,645,2,100
Taku,Taku,CK,TAKU-EARLY TIMING,TAKU-EARLY TIMING,CK-63,1979,866,2,NA,NA,NA,NA,NA,NA,866,2,100
Taku,Taku,CK,TAKU-EARLY TIMING,TAKU-EARLY TIMING,CK-63,1980,1689,2,NA,NA,NA,NA,NA,NA,1689,2,100
Taku,Taku,CK,TAKU-EARLY TIMING,TAKU-EARLY TIMING,CK-63,1981,3277,3,NA,NA,NA,NA,NA,NA,3277,3,100
Taku,Taku,CK,TAKU-EARLY TIMING,TAKU-EARLY TIMING,CK-63,1982,1604,3,NA,NA,NA,NA,NA,NA,1604,3,100
Taku,Taku,CK,TAKU-EARLY TIMING,TAKU-EARLY TIMING,CK-63,1983,687,3,NA,NA,NA,NA,NA,NA,687,3,100
Taku,Taku,CK,TAKU-EARLY TIMING,TAKU-EARLY TIMING,CK-63,1984,1127,2,NA,NA,NA,NA,NA,NA,1127,2,100
Taku,Taku,CK,TAKU-EARLY TIMING,TAKU-EARLY TIMING,CK-63,1985,3014,3,NA,NA,NA,NA,NA,NA,3014,3,100
Taku,Taku,CK,TAKU-EARLY TIMING,TAKU-EARLY TIMING,CK-63,1986,2218,3,NA,NA,NA,NA,NA,NA,2218,3,100
Taku,Taku,CK,TAKU-EARLY TIMING,TAKU-EARLY TIMING,CK-63,1987,1589,3,NA,NA,NA,NA,NA,NA,1589,3,100
Taku,Taku,CK,TAKU-EARLY TIMING,TAKU-EARLY TIMING,CK-63,1988,1844,3,NA,NA,NA,NA,NA,NA,1844,3,100
Taku,Taku,CK,TAKU-EARLY TIMING,TAKU-EARLY TIMING,CK-63,1989,2510,3,NA,NA,NA,NA,NA,NA,2510,3,100
Taku,Taku,CK,TAKU-EARLY TIMING,TAKU-EARLY TIMING,CK-63,1990,2650,3,NA,NA,NA,NA,NA,NA,2650,3,100
Taku,Taku,CK,TAKU-EARLY TIMING,TAKU-EARLY TIMING,CK-63,1991,2809,3,NA,NA,NA,NA,NA,NA,2809,3,100
Taku,Taku,CK,TAKU-EARLY TIMING,TAKU-EARLY TIMING,CK-63,1992,2902,3,NA,NA,NA,NA,NA,NA,2902,3,100
Taku,Taku,CK,TAKU-EARLY TIMING,TAKU-EARLY TIMING,CK-63,1993,3639,3,NA,NA,NA,NA,NA,NA,3639,3,100
Taku,Taku,CK,TAKU-EARLY TIMING,TAKU-EARLY TIMING,CK-63,1994,3605,3,NA,NA,NA,NA,NA,NA,3605,3,100
Taku,Taku,CK,TAKU-EARLY TIMING,TAKU-EARLY TIMING,CK-63,1995,3586,3,NA,NA,NA,NA,NA,NA,3586,3,100
Taku,Taku,CK,TAKU-EARLY TIMING,TAKU-EARLY TIMING,CK-63,1996,8426,3,NA,NA,NA,NA,NA,NA,8426,3,100
Taku,Taku,CK,TAKU-EARLY TIMING,TAKU-EARLY TIMING,CK-63,1997,5246,3,NA,NA,NA,NA,NA,NA,5246,3,100
Taku,Taku,CK,TAKU-EARLY TIMING,TAKU-EARLY TIMING,CK-63,1998,2427,3,NA,NA,NA,NA,NA,NA,2427,3,100
Taku,Taku,CK,TAKU-EARLY TIMING,TAKU-EARLY TIMING,CK-63,1999,1280,3,NA,NA,NA,NA,NA,NA,1280,3,100
Taku,Taku,CK,TAKU-EARLY TIMING,TAKU-EARLY TIMING,CK-63,2000,1370,3,NA,NA,1370,3,NA,NA,NA,NA,0
Taku,Taku,CK,TAKU-EARLY TIMING,TAKU-EARLY TIMING,CK-63,2001,1619,3,NA,NA,1619,3,NA,NA,NA,NA,0
Taku,Taku,CK,TAKU-EARLY TIMING,TAKU-EARLY TIMING,CK-63,2002,2125,3,NA,NA,2125,3,NA,NA,NA,NA,0
Taku,Taku,CK,TAKU-EARLY TIMING,TAKU-EARLY TIMING,CK-63,2003,1941,3,NA,NA,1941,3,NA,NA,NA,NA,0
Taku,Taku,CK,TAKU-EARLY TIMING,TAKU-EARLY TIMING,CK-63,2004,3729,3,NA,NA,3729,3,NA,NA,NA,NA,0
Taku,Taku,CK,TAKU-EARLY TIMING,TAKU-EARLY TIMING,CK-63,2005,1004,3,NA,NA,1004,3,NA,NA,NA,NA,0
Taku,Taku,CK,TAKU-EARLY TIMING,TAKU-EARLY TIMING,CK-63,2006,1549,3,NA,NA,1549,3,NA,NA,NA,NA,0
Taku,Taku,CK,TAKU-EARLY TIMING,TAKU-EARLY TIMING,CK-63,2007,480,3,NA,NA,480,3,NA,NA,NA,NA,0
Taku,Taku,CK,TAKU-EARLY TIMING,TAKU-EARLY TIMING,CK-63,2008,2098,3,NA,NA,2098,3,NA,NA,NA,NA,0
Taku,Taku,CK,TAKU-EARLY TIMING,TAKU-EARLY TIMING,CK-63,2009,1450,3,NA,NA,1450,3,NA,NA,NA,NA,0
Taku,Taku,CK,TAKU-EARLY TIMING,TAKU-EARLY TIMING,CK-63,2010,1707,3,NA,NA,1707,3,NA,NA,NA,NA,0
Taku,Taku,CK,TAKU-EARLY TIMING,TAKU-EARLY TIMING,CK-63,2011,1237,3,NA,NA,1237,3,NA,NA,NA,NA,0
Taku,Taku,CK,TAKU-EARLY TIMING,TAKU-EARLY TIMING,CK-63,2012,852,2,NA,NA,852,2,NA,NA,NA,NA,0
Taku,Taku,CK,TAKU-EARLY TIMING,TAKU-EARLY TIMING,CK-63,2013,693,2,NA,NA,693,2,NA,NA,NA,NA,0
Taku,Taku,CK,TAKU-EARLY TIMING,TAKU-EARLY TIMING,CK-63,2014,497,2,NA,NA,497,2,NA,NA,NA,NA,0
Taku,Taku,CK,TAKU-EARLY TIMING,TAKU-EARLY TIMING,CK-63,2015,901,2,NA,NA,901,2,NA,NA,NA,NA,0
Taku,Taku,CK,TAKU-EARLY TIMING,TAKU-EARLY TIMING,CK-63,2016,535,2,NA,NA,535,2,NA,NA,NA,NA,0
Taku,Taku,CK,TAKU-EARLY TIMING,TAKU-EARLY TIMING,CK-63,2017,171,2,NA,NA,171,2,NA,NA,NA,NA,0
Taku,Taku,CK,TAKU-EARLY TIMING,TAKU-EARLY TIMING,CK-63,2018,631,2,NA,NA,631,2,NA,NA,NA,NA,0
Taku,Taku,CK,TAKU-EARLY TIMING,TAKU-EARLY TIMING,CK-63,2019,1231,2,NA,NA,1231,2,NA,NA,NA,NA,0
Taku,Taku,CK,TAKU-EARLY TIMING,TAKU-EARLY TIMING,CK-63,2020,505,2,NA,NA,505,2,NA,NA,NA,NA,0
Taku,Taku,CK,TAKU-EARLY TIMING,TAKU-EARLY TIMING,CK-63,2021,245,2,NA,NA,245,2,NA,NA,NA,NA,0
Taku,Taku,CK,TAKU-EARLY TIMING,TAKU-EARLY TIMING,CK-63,2022,543,2,NA,NA,543,2,NA,NA,NA,NA,0
Taku,Taku,CO,TAKU-EARLY TIMING,NA,CO-991,NA,NA,NA,NA,NA,NA,NA,NA,NA,NA,NA,NA
Taku,Taku,CO,TAKU-LATE TIMING,TAKU-LATE TIMING,CO-41,1958,7402,1,NA,NA,NA,NA,NA,NA,7402,1,100
Taku,Taku,CK,TAKU-LATE TIMING,TAKU-LATE TIMING,CK-65,1976,961,2,NA,NA,NA,NA,NA,NA,961,2,100
Taku,Taku,CK,TAKU-LATE TIMING,TAKU-LATE TIMING,CK-65,1977,1153,2,NA,NA,NA,NA,NA,NA,1153,2,100
Taku,Taku,CK,TAKU-LATE TIMING,TAKU-LATE TIMING,CK-65,1978,1040,2,NA,NA,NA,NA,NA,NA,1040,2,100
Taku,Taku,CK,TAKU-LATE TIMING,TAKU-LATE TIMING,CK-65,1979,1180,2,NA,NA,NA,NA,NA,NA,1180,2,100
Taku,Taku,CK,TAKU-LATE TIMING,TAKU-LATE TIMING,CK-65,1980,1355,2,NA,NA,NA,NA,NA,NA,1355,2,100
Taku,Taku,CK,TAKU-LATE TIMING,TAKU-LATE TIMING,CK-65,1981,1399,2,NA,NA,NA,NA,NA,NA,1399,2,100
Taku,Taku,CK,TAKU-LATE TIMING,TAKU-LATE TIMING,CK-65,1982,676,2,NA,NA,NA,NA,NA,NA,676,2,100
Taku,Taku,CK,TAKU-LATE TIMING,TAKU-LATE TIMING,CK-65,1983,407,2,NA,NA,NA,NA,NA,NA,407,2,100
Taku,Taku,CK,TAKU-LATE TIMING,TAKU-LATE TIMING,CK-65,1984,895,2,NA,NA,NA,NA,NA,NA,895,2,100
Taku,Taku,CO,TAKU-LATE TIMING,TAKU-LATE TIMING,CO-41,1984,1480,1,NA,NA,NA,NA,NA,NA,1480,1,100
Taku,Taku,CK,TAKU-LATE TIMING,TAKU-LATE TIMING,CK-65,1985,1981,3,NA,NA,NA,NA,NA,NA,1981,3,100
Taku,Taku,CO,TAKU-LATE TIMING,TAKU-LATE TIMING,CO-41,1985,16636,4,1031,1,1031,1,NA,NA,15605,3,93.8
Taku,Taku,CK,TAKU-LATE TIMING,TAKU-LATE TIMING,CK-65,1986,2077,3,NA,NA,NA,NA,NA,NA,2077,3,100
Taku,Taku,CO,TAKU-LATE TIMING,TAKU-LATE TIMING,CO-41,1986,4588,5,2723,1,3149,3,NA,NA,1439,2,31.4
Taku,Taku,CK,TAKU-LATE TIMING,TAKU-LATE TIMING,CK-65,1987,1330,3,NA,NA,NA,NA,NA,NA,1330,3,100
Taku,Taku,CO,TAKU-LATE TIMING,TAKU-LATE TIMING,CO-41,1987,66405,6,63691,2,64132,4,NA,NA,2273,2,3.4
Taku,Taku,CK,TAKU-LATE TIMING,TAKU-LATE TIMING,CK-65,1988,3303,3,NA,NA,NA,NA,NA,NA,3303,3,100
Taku,Taku,CO,TAKU-LATE TIMING,TAKU-LATE TIMING,CO-41,1988,48013,6,45675,3,46042,4,NA,NA,1971,2,4.1
Taku,Taku,CK,TAKU-LATE TIMING,TAKU-LATE TIMING,CK-65,1989,43905,4,41561,1,41561,1,NA,NA,2344,3,5.3
Taku,Taku,CO,TAKU-LATE TIMING,TAKU-LATE TIMING,CO-41,1989,63660,5,60841,1,61278,3,NA,NA,2382,2,3.7
Taku,Taku,CK,TAKU-LATE TIMING,TAKU-LATE TIMING,CK-65,1990,55430,3,53748,1,53748,1,NA,NA,1682,2,3
Taku,Taku,CO,TAKU-LATE TIMING,TAKU-LATE TIMING,CO-41,1990,77245,5,75881,1,76162,3,NA,NA,1083,2,1.4
Taku,Taku,CK,TAKU-LATE TIMING,TAKU-LATE TIMING,CK-65,1991,54856,3,53122,1,53122,1,NA,NA,1734,2,3.2
Taku,Taku,CO,TAKU-LATE TIMING,TAKU-LATE TIMING,CO-41,1991,136006,5,132923,1,133557,3,NA,NA,2449,2,1.8
Taku,Taku,CK,TAKU-LATE TIMING,TAKU-LATE TIMING,CK-65,1992,60161,3,57755,1,57755,1,NA,NA,2406,2,4
Taku,Taku,CO,TAKU-LATE TIMING,TAKU-LATE TIMING,CO-41,1992,92258,4,90240,2,90240,2,NA,NA,2018,2,2.2
Taku,Taku,CK,TAKU-LATE TIMING,TAKU-LATE TIMING,CK-65,1993,71144,3,68069,1,68069,1,NA,NA,3075,2,4.3
Taku,Taku,CO,TAKU-LATE TIMING,TAKU-LATE TIMING,CO-41,1993,124448,4,124290,2,124290,2,NA,NA,158,2,0.1
Taku,Taku,CK,TAKU-LATE TIMING,TAKU-LATE TIMING,CK-65,1994,52368,3,50852,1,50852,1,NA,NA,1516,2,2.9
Taku,Taku,CO,TAKU-LATE TIMING,TAKU-LATE TIMING,CO-41,1994,113366,4,113148,2,113148,2,NA,NA,218,2,0.2
Taku,Taku,CK,TAKU-LATE TIMING,TAKU-LATE TIMING,CK-65,1995,36785,3,35557,1,35557,1,NA,NA,1228,2,3.3
Taku,Taku,CO,TAKU-LATE TIMING,TAKU-LATE TIMING,CO-41,1995,69883,3,69448,1,69448,1,NA,NA,435,2,0.6
Taku,Taku,CK,TAKU-LATE TIMING,TAKU-LATE TIMING,CK-65,1996,86149,3,82518,1,82518,1,NA,NA,3631,2,4.2
Taku,Taku,CO,TAKU-LATE TIMING,TAKU-LATE TIMING,CO-41,1996,49969,3,49687,1,49687,1,NA,NA,282,2,0.6
Taku,Taku,CK,TAKU-LATE TIMING,TAKU-LATE TIMING,CK-65,1997,120385,3,117877,1,117877,1,NA,NA,2508,2,2.1
Taku,Taku,CO,TAKU-LATE TIMING,TAKU-LATE TIMING,CO-41,1997,35035,1,35035,1,35035,1,NA,NA,NA,NA,0
Taku,Taku,CK,TAKU-LATE TIMING,TAKU-LATE TIMING,CK-65,1998,33459,3,32311,1,32311,1,NA,NA,1148,2,3.4
Taku,Taku,CO,TAKU-LATE TIMING,TAKU-LATE TIMING,CO-41,1998,66472,1,66472,1,66472,1,NA,NA,NA,NA,0
Taku,Taku,CK,TAKU-LATE TIMING,TAKU-LATE TIMING,CK-65,1999,19418,3,18426,1,18426,1,NA,NA,992,2,5.1
Taku,Taku,CO,TAKU-LATE TIMING,TAKU-LATE TIMING,CO-41,1999,66343,1,66343,1,66343,1,NA,NA,NA,NA,0
Taku,Taku,CK,TAKU-LATE TIMING,TAKU-LATE TIMING,CK-65,2000,39695,3,38040,1,39695,3,NA,NA,NA,NA,0
Taku,Taku,CO,TAKU-LATE TIMING,TAKU-LATE TIMING,CO-41,2000,70147,1,70147,1,70147,1,NA,NA,NA,NA,0
Taku,Taku,CK,TAKU-LATE TIMING,TAKU-LATE TIMING,CK-65,2001,51581,3,49507,1,51581,3,NA,NA,NA,NA,0
Taku,Taku,CO,TAKU-LATE TIMING,TAKU-LATE TIMING,CO-41,2001,107493,1,107493,1,107493,1,NA,NA,NA,NA,0
Taku,Taku,CK,TAKU-LATE TIMING,TAKU-LATE TIMING,CK-65,2002,60148,3,58058,1,60148,3,NA,NA,NA,NA,0
Taku,Taku,CO,TAKU-LATE TIMING,TAKU-LATE TIMING,CO-41,2002,223162,1,223162,1,223162,1,NA,NA,NA,NA,0
Taku,Taku,CK,TAKU-LATE TIMING,TAKU-LATE TIMING,CK-65,2003,41964,3,40114,1,41964,3,NA,NA,NA,NA,0
Taku,Taku,CO,TAKU-LATE TIMING,TAKU-LATE TIMING,CO-41,2003,186755,1,186755,1,186755,1,NA,NA,NA,NA,0
Taku,Taku,CK,TAKU-LATE TIMING,TAKU-LATE TIMING,CK-65,2004,81209,3,78985,1,81209,3,NA,NA,NA,NA,0
Taku,Taku,CO,TAKU-LATE TIMING,TAKU-LATE TIMING,CO-41,2004,139011,1,139011,1,139011,1,NA,NA,NA,NA,0
Taku,Taku,CK,TAKU-LATE TIMING,TAKU-LATE TIMING,CK-65,2005,48294,3,46315,1,48294,3,NA,NA,NA,NA,0
Taku,Taku,CO,TAKU-LATE TIMING,TAKU-LATE TIMING,CO-41,2005,143817,1,143817,1,143817,1,NA,NA,NA,NA,0
Taku,Taku,CK,TAKU-LATE TIMING,TAKU-LATE TIMING,CK-65,2006,52613,3,50525,1,52613,3,NA,NA,NA,NA,0
Taku,Taku,CO,TAKU-LATE TIMING,TAKU-LATE TIMING,CO-41,2006,134053,1,134053,1,134053,1,NA,NA,NA,NA,0
Taku,Taku,CK,TAKU-LATE TIMING,TAKU-LATE TIMING,CK-65,2007,17943,3,17291,1,17943,3,NA,NA,NA,NA,0
Taku,Taku,CO,TAKU-LATE TIMING,TAKU-LATE TIMING,CO-41,2007,82319,1,82319,1,82319,1,NA,NA,NA,NA,0
Taku,Taku,CK,TAKU-LATE TIMING,TAKU-LATE TIMING,CK-65,2008,30836,3,29063,1,30836,3,NA,NA,NA,NA,0
Taku,Taku,CO,TAKU-LATE TIMING,TAKU-LATE TIMING,CO-41,2008,99199,1,99199,1,99199,1,NA,NA,NA,NA,0
Taku,Taku,CK,TAKU-LATE TIMING,TAKU-LATE TIMING,CK-65,2009,30838,3,29797,1,30838,3,NA,NA,NA,NA,0
Taku,Taku,CO,TAKU-LATE TIMING,TAKU-LATE TIMING,CO-41,2009,113716,1,113716,1,113716,1,NA,NA,NA,NA,0
Taku,Taku,CK,TAKU-LATE TIMING,TAKU-LATE TIMING,CK-65,2010,35775,3,34238,1,35775,3,NA,NA,NA,NA,0
Taku,Taku,CO,TAKU-LATE TIMING,TAKU-LATE TIMING,CO-41,2010,141238,1,141238,1,141238,1,NA,NA,NA,NA,0
Taku,Taku,CK,TAKU-LATE TIMING,TAKU-LATE TIMING,CK-65,2011,24243,3,22949,1,24243,3,NA,NA,NA,NA,0
Taku,Taku,CO,TAKU-LATE TIMING,TAKU-LATE TIMING,CO-41,2011,83349,1,83349,1,83349,1,NA,NA,NA,NA,0
Taku,Taku,CK,TAKU-LATE TIMING,TAKU-LATE TIMING,CK-65,2012,20740,3,19678,1,20740,3,NA,NA,NA,NA,0
Taku,Taku,CO,TAKU-LATE TIMING,TAKU-LATE TIMING,CO-41,2012,84847,1,84847,1,84847,1,NA,NA,NA,NA,0
Taku,Taku,CK,TAKU-LATE TIMING,TAKU-LATE TIMING,CK-65,2013,19886,3,18740,1,19886,3,NA,NA,NA,NA,0
Taku,Taku,CO,TAKU-LATE TIMING,TAKU-LATE TIMING,CO-41,2013,78492,1,78492,1,78492,1,NA,NA,NA,NA,0
Taku,Taku,CK,TAKU-LATE TIMING,TAKU-LATE TIMING,CK-65,2014,26764,3,26004,1,26764,3,NA,NA,NA,NA,0
Taku,Taku,CO,TAKU-LATE TIMING,TAKU-LATE TIMING,CO-41,2014,140739,1,140739,1,140739,1,NA,NA,NA,NA,0
Taku,Taku,CK,TAKU-LATE TIMING,TAKU-LATE TIMING,CK-65,2015,27070,3,26014,1,27070,3,NA,NA,NA,NA,0
Taku,Taku,CO,TAKU-LATE TIMING,TAKU-LATE TIMING,CO-41,2015,70361,1,70361,1,70361,1,NA,NA,NA,NA,0
Taku,Taku,CK,TAKU-LATE TIMING,TAKU-LATE TIMING,CK-65,2016,11202,3,10807,1,11202,3,NA,NA,NA,NA,0
Taku,Taku,CO,TAKU-LATE TIMING,TAKU-LATE TIMING,CO-41,2016,99224,1,99224,1,99224,1,NA,NA,NA,NA,0
Taku,Taku,CK,TAKU-LATE TIMING,TAKU-LATE TIMING,CK-65,2017,8915,3,8464,1,8915,3,NA,NA,NA,NA,0
Taku,Taku,CO,TAKU-LATE TIMING,TAKU-LATE TIMING,CO-41,2017,65670,1,65670,1,65670,1,NA,NA,NA,NA,0
Taku,Taku,CK,TAKU-LATE TIMING,TAKU-LATE TIMING,CK-65,2018,7601,3,7278,1,7601,3,NA,NA,NA,NA,0
Taku,Taku,CO,TAKU-LATE TIMING,TAKU-LATE TIMING,CO-41,2018,60678,1,60678,1,60678,1,NA,NA,NA,NA,0
Taku,Taku,CK,TAKU-LATE TIMING,TAKU-LATE TIMING,CK-65,2019,12259,3,11568,1,12259,3,NA,NA,NA,NA,0
Taku,Taku,CO,TAKU-LATE TIMING,TAKU-LATE TIMING,CO-41,2019,95011,1,95011,1,95011,1,NA,NA,NA,NA,0
Taku,Taku,CK,TAKU-LATE TIMING,TAKU-LATE TIMING,CK-65,2020,16582,3,15687,1,16582,3,NA,NA,NA,NA,0
Taku,Taku,CK,TAKU-LATE TIMING,TAKU-LATE TIMING,CK-65,2021,12283,3,11381,1,12283,3,NA,NA,NA,NA,0
Taku,Taku,CK,TAKU-LATE TIMING,TAKU-LATE TIMING,CK-65,2022,13707,3,12755,1,13707,3,NA,NA,NA,NA,0
Taku,Taku,CK,TAKU-MID TIMING,TAKU-MID TIMING,CK-64,1975,1800,1,NA,NA,NA,NA,NA,NA,1800,1,100
Taku,Taku,CK,TAKU-MID TIMING,TAKU-MID TIMING,CK-64,1976,3000,1,NA,NA,NA,NA,NA,NA,3000,1,100
Taku,Taku,CK,TAKU-MID TIMING,TAKU-MID TIMING,CK-64,1977,3850,1,NA,NA,NA,NA,NA,NA,3850,1,100
Taku,Taku,CK,TAKU-MID TIMING,TAKU-MID TIMING,CK-64,1978,1620,1,NA,NA,NA,NA,NA,NA,1620,1,100
Taku,Taku,CK,TAKU-MID TIMING,TAKU-MID TIMING,CK-64,1979,2110,1,NA,NA,NA,NA,NA,NA,2110,1,100
Taku,Taku,CK,TAKU-MID TIMING,TAKU-MID TIMING,CK-64,1980,4500,1,NA,NA,NA,NA,NA,NA,4500,1,100
Taku,Taku,CK,TAKU-MID TIMING,TAKU-MID TIMING,CK-64,1981,5110,1,NA,NA,NA,NA,NA,NA,5110,1,100
Taku,Taku,CK,TAKU-MID TIMING,TAKU-MID TIMING,CK-64,1982,2533,1,NA,NA,NA,NA,NA,NA,2533,1,100
Taku,Taku,CK,TAKU-MID TIMING,TAKU-MID TIMING,CK-64,1983,968,1,NA,NA,NA,NA,NA,NA,968,1,100
Taku,Taku,CK,TAKU-MID TIMING,TAKU-MID TIMING,CK-64,1984,1887,1,NA,NA,NA,NA,NA,NA,1887,1,100
Taku,Taku,CK,TAKU-MID TIMING,TAKU-MID TIMING,CK-64,1985,2647,1,NA,NA,NA,NA,NA,NA,2647,1,100
Taku,Taku,CK,TAKU-MID TIMING,TAKU-MID TIMING,CK-64,1986,3868,1,NA,NA,NA,NA,NA,NA,3868,1,100
Taku,Taku,CK,TAKU-MID TIMING,TAKU-MID TIMING,CK-64,1987,2906,1,NA,NA,NA,NA,NA,NA,2906,1,100
Taku,Taku,CK,TAKU-MID TIMING,TAKU-MID TIMING,CK-64,1988,4500,1,NA,NA,NA,NA,NA,NA,4500,1,100
Taku,Taku,CK,TAKU-MID TIMING,TAKU-MID TIMING,CK-64,1989,5141,1,NA,NA,NA,NA,NA,NA,5141,1,100
Taku,Taku,CK,TAKU-MID TIMING,TAKU-MID TIMING,CK-64,1990,7917,1,NA,NA,NA,NA,NA,NA,7917,1,100
Taku,Taku,CK,TAKU-MID TIMING,TAKU-MID TIMING,CK-64,1991,5610,1,NA,NA,NA,NA,NA,NA,5610,1,100
Taku,Taku,CK,TAKU-MID TIMING,TAKU-MID TIMING,CK-64,1992,5750,1,NA,NA,NA,NA,NA,NA,5750,1,100
Taku,Taku,CK,TAKU-MID TIMING,TAKU-MID TIMING,CK-64,1993,6490,1,NA,NA,NA,NA,NA,NA,6490,1,100
Taku,Taku,CK,TAKU-MID TIMING,TAKU-MID TIMING,CK-64,1994,4792,1,NA,NA,NA,NA,NA,NA,4792,1,100
Taku,Taku,CK,TAKU-MID TIMING,TAKU-MID TIMING,CK-64,1995,3943,1,NA,NA,NA,NA,NA,NA,3943,1,100
Taku,Taku,CK,TAKU-MID TIMING,TAKU-MID TIMING,CK-64,1996,7720,1,NA,NA,NA,NA,NA,NA,7720,1,100
Taku,Taku,CK,TAKU-MID TIMING,TAKU-MID TIMING,CK-64,1997,6095,1,NA,NA,6095,1,NA,NA,NA,NA,0
Taku,Taku,CK,TAKU-MID TIMING,TAKU-MID TIMING,CK-64,1998,2720,1,NA,NA,NA,NA,NA,NA,2720,1,100
Taku,Taku,CK,TAKU-MID TIMING,TAKU-MID TIMING,CK-64,1999,1900,1,NA,NA,NA,NA,NA,NA,1900,1,100
Taku,Taku,CK,TAKU-MID TIMING,TAKU-MID TIMING,CK-64,2000,2907,1,NA,NA,2907,1,NA,NA,NA,NA,0
Taku,Taku,CK,TAKU-MID TIMING,TAKU-MID TIMING,CK-64,2001,1552,1,NA,NA,1552,1,NA,NA,NA,NA,0
Taku,Taku,CK,TAKU-MID TIMING,TAKU-MID TIMING,CK-64,2002,4066,1,NA,NA,4066,1,NA,NA,NA,NA,0
Taku,Taku,CK,TAKU-MID TIMING,TAKU-MID TIMING,CK-64,2003,2126,1,NA,NA,2126,1,NA,NA,NA,NA,0
Taku,Taku,CK,TAKU-MID TIMING,TAKU-MID TIMING,CK-64,2004,4091,1,NA,NA,4091,1,NA,NA,NA,NA,0
Taku,Taku,CK,TAKU-MID TIMING,TAKU-MID TIMING,CK-64,2005,1213,1,NA,NA,1213,1,NA,NA,NA,NA,0
Taku,Taku,CK,TAKU-MID TIMING,TAKU-MID TIMING,CK-64,2006,1900,1,NA,NA,1900,1,NA,NA,NA,NA,0
Taku,Taku,CK,TAKU-MID TIMING,TAKU-MID TIMING,CK-64,2008,1437,1,NA,NA,1437,1,NA,NA,NA,NA,0
Taku,Taku,CK,TAKU-MID TIMING,TAKU-MID TIMING,CK-64,2009,1698,1,NA,NA,1698,1,NA,NA,NA,NA,0
Taku,Taku,CK,TAKU-MID TIMING,TAKU-MID TIMING,CK-64,2010,1730,1,NA,NA,1730,1,NA,NA,NA,NA,0
Taku,Taku,CK,TAKU-MID TIMING,TAKU-MID TIMING,CK-64,2011,1380,1,NA,NA,1380,1,NA,NA,NA,NA,0
Taku,Taku,CK,TAKU-MID TIMING,TAKU-MID TIMING,CK-64,2012,1300,1,NA,NA,1300,1,NA,NA,NA,NA,0
Taku,Taku,CK,TAKU-MID TIMING,TAKU-MID TIMING,CK-64,2013,1623,1,NA,NA,1623,1,NA,NA,NA,NA,0
Taku,Taku,CK,TAKU-MID TIMING,TAKU-MID TIMING,CK-64,2014,1040,1,NA,NA,1040,1,NA,NA,NA,NA,0
Taku,Taku,CK,TAKU-MID TIMING,TAKU-MID TIMING,CK-64,2015,1340,1,NA,NA,1340,1,NA,NA,NA,NA,0
Taku,Taku,CK,TAKU-MID TIMING,TAKU-MID TIMING,CK-64,2016,800,1,NA,NA,800,1,NA,NA,NA,NA,0
Taku,Taku,CK,TAKU-MID TIMING,TAKU-MID TIMING,CK-64,2017,301,1,NA,NA,301,1,NA,NA,NA,NA,0
Taku,Taku,CK,TAKU-MID TIMING,TAKU-MID TIMING,CK-64,2018,765,1,NA,NA,765,1,NA,NA,NA,NA,0
Taku,Taku,CK,TAKU-MID TIMING,TAKU-MID TIMING,CK-64,2019,1070,1,NA,NA,1070,1,NA,NA,NA,NA,0
Taku,Taku,CK,TAKU-MID TIMING,TAKU-MID TIMING,CK-64,2020,1249,1,NA,NA,1249,1,NA,NA,NA,NA,0
Taku,Taku,CK,TAKU-MID TIMING,TAKU-MID TIMING,CK-64,2021,1034,1,NA,NA,1034,1,NA,NA,NA,NA,0
Taku,Taku,CK,TAKU-MID TIMING,TAKU-MID TIMING,CK-64,2022,1263,1,NA,NA,1263,1,NA,NA,NA,NA,0
Taku,Taku,CO,TAKU-MID TIMING,NA,CO-992,NA,NA,NA,NA,NA,NA,NA,NA,NA,NA,NA,NA
Taku,Taku,SEL,TATSAMENIE,TATSAMENIE,SEL-28-03,NA,NA,NA,NA,NA,NA,NA,NA,NA,NA,NA,NA
Unuk,Unuk,SEL,BORDER,NA,SEL-25-01,NA,NA,NA,NA,NA,NA,NA,NA,NA,NA,NA,NA
Unuk,Unuk,CK,UNUK RIVER,NA,CK-59,NA,NA,NA,NA,NA,NA,NA,NA,NA,NA,NA,NA
Unuk,Unuk,CM,UNUK RIVER,NA,CM-33,NA,NA,NA,NA,NA,NA,NA,NA,NA,NA,NA,NA
Unuk,Unuk,CO,UNUK RIVER,NA,CO-38,NA,NA,NA,NA,NA,NA,NA,NA,NA,NA,NA,NA
Whiting,Whiting,SEL,WHITING,NA,SEL-999,NA,NA,NA,NA,NA,NA,NA,NA,NA,NA,NA,NA
Whiting,Whiting,CK,WHITING RIVER,NA,CK-62,NA,NA,NA,NA,NA,NA,NA,NA,NA,NA,NA,NA
Whiting,Whiting,CM,WHITING RIVER,NA,CM-35,NA,NA,NA,NA,NA,NA,NA,NA,NA,NA,NA,NA
Whiting,Whiting,CO,WHITING RIVER,NA,CO-40,NA,NA,NA,NA,NA,NA,NA,NA,NA,NA,NA,NA
