"drv_regionid","region","region_abbr","species_name","species_abbr","pooledcuid","cuid","primarycu","cu_name_pse","cu_name_dfo","cu_index","cu_type","gen_length","regionid","sppqualifiedid","smuid","smu"
1,"Skeena","SKNA","Lake sockeye","SEL",171,171,TRUE,"Alastair","Alastair","SEL-20-01","Current",6,1,1,44,"Skeena Sockeye Salmon"
1,"Skeena","SKNA","Lake sockeye","SEL",174,174,TRUE,"Ecstall/Lower","Ecstall/Lower","SEL-20-04","Current",5,1,1,44,"Skeena Sockeye Salmon"
1,"Skeena","SKNA","Lake sockeye","SEL",175,175,TRUE,"Johnston","Johnston","SEL-20-05","Current",5,1,1,44,"Skeena Sockeye Salmon"
1,"Skeena","SKNA","Lake sockeye","SEL",176,176,TRUE,"Kitsumkalum","Kitsumkalum","SEL-20-06","Current",5,1,1,44,"Skeena Sockeye Salmon"
1,"Skeena","SKNA","Lake sockeye","SEL",177,177,TRUE,"Lakelse","Lakelse","SEL-20-07","Current",5,1,1,44,"Skeena Sockeye Salmon"
1,"Skeena","SKNA","Lake sockeye","SEL",178,172,FALSE,"Mcdonell/Dennis/Aldrich","Aldrich","SEL-20-02","Current",5,1,1,44,"Skeena Sockeye Salmon"
1,"Skeena","SKNA","Lake sockeye","SEL",178,173,FALSE,"Mcdonell/Dennis/Aldrich","Dennis","SEL-20-03","Current",5,1,1,44,"Skeena Sockeye Salmon"
1,"Skeena","SKNA","Lake sockeye","SEL",178,178,TRUE,"Mcdonell/Dennis/Aldrich","Mcdonell","SEL-20-08","Current",5,1,1,44,"Skeena Sockeye Salmon"
1,"Skeena","SKNA","Lake sockeye","SEL",180,180,TRUE,"Babine/Onerka","Babine","SEL-21-02-EW","Current",5,1,1,44,"Skeena Sockeye Salmon"
1,"Skeena","SKNA","Lake sockeye","SEL",180,243,FALSE,"Babine/Onerka","Onerka","SEL-21-13","Current",5,1,1,NA,NA
1,"Skeena","SKNA","Lake sockeye","SEL",181,181,TRUE,"Bulkley/Maxan","Bulkley","SEL-21-03","Current",5,1,1,36,"Nass Sockeye Salmon"
1,"Skeena","SKNA","Lake sockeye","SEL",181,184,FALSE,"Bulkley/Maxan","Maxan","SEL-21-06","Current",5,1,1,36,"Nass Sockeye Salmon"
1,"Skeena","SKNA","Lake sockeye","SEL",183,183,TRUE,"Gitanyow (Kitwanga/Kitwancool)","Gitanyow","SEL-21-05","Current",5,1,1,44,"Skeena Sockeye Salmon"
1,"Skeena","SKNA","Lake sockeye","SEL",185,179,FALSE,"Morice/Atna","Atna","SEL-21-01","Current",5,1,1,44,"Skeena Sockeye Salmon"
1,"Skeena","SKNA","Lake sockeye","SEL",185,185,TRUE,"Morice/Atna","Morice","SEL-21-07","Current",6,1,1,44,"Skeena Sockeye Salmon"
1,"Skeena","SKNA","Lake sockeye","SEL",186,186,TRUE,"Nilkitkwa","Nilkitkwa","SEL-21-02-LW",NA,5,1,1,44,"Skeena Sockeye Salmon"
1,"Skeena","SKNA","Lake sockeye","SEL",187,187,TRUE,"Stephens","Stephens","SEL-21-09","Current",5,1,1,44,"Skeena Sockeye Salmon"
1,"Skeena","SKNA","Lake sockeye","SEL",189,189,TRUE,"Tahlo/Morrison","Tahlo/Morrison","SEL-21-11","Current",5,1,1,44,"Skeena Sockeye Salmon"
1,"Skeena","SKNA","Lake sockeye","SEL",190,190,TRUE,"Asitika","Asitika","SEL-22-01","Current",5,1,1,44,"Skeena Sockeye Salmon"
1,"Skeena","SKNA","Lake sockeye","SEL",191,191,TRUE,"Azuklotz","Azuklotz","SEL-22-02","Current",5,1,1,44,"Skeena Sockeye Salmon"
1,"Skeena","SKNA","Lake sockeye","SEL",192,192,TRUE,"Bear","Bear","SEL-22-03","Current",5,1,1,44,"Skeena Sockeye Salmon"
1,"Skeena","SKNA","Lake sockeye","SEL",193,193,TRUE,"Damshilgwit","Damshilgwit","SEL-22-04","Current",5,1,1,44,"Skeena Sockeye Salmon"
1,"Skeena","SKNA","Lake sockeye","SEL",194,194,TRUE,"Johanson","Johanson","SEL-22-05","Current",5,1,1,44,"Skeena Sockeye Salmon"
1,"Skeena","SKNA","Lake sockeye","SEL",195,195,TRUE,"Kluatantan","Kluatantan","SEL-22-06","Current",5,1,1,44,"Skeena Sockeye Salmon"
1,"Skeena","SKNA","Lake sockeye","SEL",196,196,TRUE,"Kluayaz","Kluayaz","SEL-22-07","Current",5,1,1,44,"Skeena Sockeye Salmon"
1,"Skeena","SKNA","Lake sockeye","SEL",197,197,TRUE,"Motase","Motase","SEL-22-08","Current",5,1,1,44,"Skeena Sockeye Salmon"
1,"Skeena","SKNA","Lake sockeye","SEL",198,198,TRUE,"Sicintine","Sicintine","SEL-22-09","Current",5,1,1,44,"Skeena Sockeye Salmon"
1,"Skeena","SKNA","Lake sockeye","SEL",199,199,TRUE,"Slamgeesh","Slamgeesh","SEL-22-10","Current",5,1,1,44,"Skeena Sockeye Salmon"
1,"Skeena","SKNA","Lake sockeye","SEL",200,200,TRUE,"Spawning","Spawning","SEL-22-11","Current",5,1,1,44,"Skeena Sockeye Salmon"
1,"Skeena","SKNA","Lake sockeye","SEL",201,201,TRUE,"Sustut","Sustut","SEL-22-12","Current",5,1,1,44,"Skeena Sockeye Salmon"
1,"Skeena","SKNA","Lake sockeye","SEL",203,204,FALSE,"Babine (enhanced)","Babine-Pinkut",NA,NA,5,1,1,44,"Skeena Sockeye Salmon"
1,"Skeena","SKNA","Lake sockeye","SEL",203,203,TRUE,"Babine (enhanced)","Babine (enhanced)","SEL-21-02-F","Current",5,1,1,44,"Skeena Sockeye Salmon"
1,"Skeena","SKNA","Lake sockeye","SEL",230,230,TRUE,"Footsore/Hodder","Footsore/Hodder","SEL-21-12","Current",5,1,1,44,"Skeena Sockeye Salmon"
1,"Skeena","SKNA","Lake sockeye","SEL",291,291,TRUE,"Prudhomme","Prudhomme","SEL-19-49","Current",5,1,1,NA,NA
1,"Skeena","SKNA","Lake sockeye","SEL",292,292,TRUE,"Shawatlan","Shawatlan","SEL-19-54","Current",5,1,1,NA,NA
1,"Skeena","SKNA","River sockeye","SER",216,216,TRUE,"Skeena River-High Interior (river-type)","Skeena River-high interior","SER-19","Current",5,1,2,44,"Skeena Sockeye Salmon"
1,"Skeena","SKNA","River sockeye","SER",226,226,TRUE,"Skeena River (river-type)","Skeena River","SER-18","Current",5,1,2,44,"Skeena Sockeye Salmon"
1,"Skeena","SKNA","Pink (odd)","PKO",209,209,TRUE,"Lower Skeena River (odd)","Lower Skeena (odd)","PKO-15","Current",2,1,3,45,"Skeena/Nass Pink Salmon"
1,"Skeena","SKNA","Pink (odd)","PKO",213,213,TRUE,"Middle-Upper Skeena (odd)","Middle & Upper Skeena (odd)","PKO-16","Current",2,1,3,45,"Skeena/Nass Pink Salmon"
1,"Skeena","SKNA","Pink (odd)","PKO",223,223,TRUE,"Nass-Skeena Estuary (odd)","Nass-Skeena Estuary (odd)","PKO-14","Current",2,1,3,45,"Skeena/Nass Pink Salmon"
1,"Skeena","SKNA","Pink (even)","PKE",218,218,TRUE,"Middle-Upper Skeena (even)","Middle-Upper Skeena (even)","PKE-8","Current",2,1,4,45,"Skeena/Nass Pink Salmon"
1,"Skeena","SKNA","Pink (even)","PKE",219,219,TRUE,"Nass-Skeena Estuary (even)","Nass-Skeena Estuary (even)","PKE-7","Current",2,1,4,45,"Skeena/Nass Pink Salmon"
1,"Skeena","SKNA","Chinook","CK",205,205,TRUE,"Ecstall","Ecstall","CK-46","Current",6,1,5,42,"Skeena Chinook Salmon"
1,"Skeena","SKNA","Chinook","CK",206,206,TRUE,"Kalum-Early","Kalum-early timing","CK-49","Current",6,1,5,42,"Skeena Chinook Salmon"
1,"Skeena","SKNA","Chinook","CK",207,207,TRUE,"Kalum-Late","Kalum-late timing","CK-50","Current",6,1,5,42,"Skeena Chinook Salmon"
1,"Skeena","SKNA","Chinook","CK",210,210,TRUE,"Lower Skeena","Lower Skeena-CK","CK-48","Current",6,1,5,42,"Skeena Chinook Salmon"
1,"Skeena","SKNA","Chinook","CK",212,212,TRUE,"Upper Skeena","Upper Skeena-CK","CK-56","Current",6,1,5,42,"Skeena Chinook Salmon"
1,"Skeena","SKNA","Chinook","CK",217,217,TRUE,"Middle Skeena-Mainstem Tributaries","Middle Skeena-mainstem tributaries","CK-54","Current",6,1,5,42,"Skeena Chinook Salmon"
1,"Skeena","SKNA","Chinook","CK",221,221,TRUE,"Upper Bulkley River","Upper Bulkley River","CK-55","Current",6,1,5,42,"Skeena Chinook Salmon"
1,"Skeena","SKNA","Chinook","CK",222,222,TRUE,"Middle Skeena-Large Lakes","Middle Skeena-large lakes","CK-53","Current",6,1,5,42,"Skeena Chinook Salmon"
1,"Skeena","SKNA","Chinook","CK",224,224,TRUE,"Skeena Estuary","Skeena Estuary-CK","CK-45","Current",6,1,5,4,"Central Coast Chinook Salmon"
1,"Skeena","SKNA","Chinook","CK",227,227,TRUE,"Lakelse","Lakelse-CK","CK-51","Current",6,1,5,42,"Skeena Chinook Salmon"
1,"Skeena","SKNA","Chinook","CK",229,229,TRUE,"Zymoetz","Zymoetz","CK-80","Current",6,1,5,42,"Skeena Chinook Salmon"
1,"Skeena","SKNA","Coho","CO",202,202,TRUE,"Lower Skeena","Lower Skeena-CO","CO-32","Current",3,1,6,43,"Skeena Coho Salmon"
1,"Skeena","SKNA","Coho","CO",215,215,TRUE,"Middle Skeena","Middle Skeena-CO","CO-33","Current",3,1,6,43,"Skeena Coho Salmon"
1,"Skeena","SKNA","Coho","CO",225,225,TRUE,"Skeena Estuary","Skeena Estuary-CO","CO-31","Current",3,1,6,35,"Nass Coho Salmon"
1,"Skeena","SKNA","Coho","CO",231,231,TRUE,"Upper Skeena","Upper Skeena-CO","CO-34","Current",3,1,6,43,"Skeena Coho Salmon"
1,"Skeena","SKNA","Chum","CM",211,211,TRUE,"Lower Skeena","Lower Skeena-CM","CM-27","Current",4,1,7,46,"Skeena/Nass Chum Salmon"
1,"Skeena","SKNA","Chum","CM",214,214,TRUE,"Middle Skeena","Middle Skeena-CM","CM-28","Current",4,1,7,46,"Skeena/Nass Chum Salmon"
1,"Skeena","SKNA","Chum","CM",220,220,TRUE,"Skeena Estuary","Skeena Estuary-CM","CM-26","Current",4,1,7,46,"Skeena/Nass Chum Salmon"
1,"Skeena","SKNA","Chum","CM",242,242,TRUE,"Upper Skeena","Upper Skeena",NA,NA,6,1,7,NA,NA
1,"Skeena","SKNA","Steelhead","SH",280,280,TRUE,"Upper Skeena Headwaters","Upper Skeena Headwaters",NA,NA,5,1,10,NA,NA
1,"Skeena","SKNA","Steelhead","SH",281,281,TRUE,"Upper Sustut","Upper Sustut",NA,NA,5,1,10,NA,NA
1,"Skeena","SKNA","Steelhead","SH",282,282,TRUE,"Upper Skeena","Upper Skeena",NA,NA,5,1,10,NA,NA
1,"Skeena","SKNA","Steelhead","SH",283,283,TRUE,"Kispiox","Kispiox",NA,NA,5,1,10,NA,NA
1,"Skeena","SKNA","Steelhead","SH",284,284,TRUE,"Babine","Babine",NA,NA,5,1,10,NA,NA
1,"Skeena","SKNA","Steelhead","SH",285,285,TRUE,"Middle Skeena","Middle Skeena",NA,NA,5,1,10,NA,NA
1,"Skeena","SKNA","Steelhead","SH",286,286,TRUE,"Suskwa","Suskwa",NA,NA,5,1,10,NA,NA
1,"Skeena","SKNA","Steelhead","SH",287,287,TRUE,"Bulkley","Bulkley",NA,NA,5,1,10,NA,NA
1,"Skeena","SKNA","Steelhead","SH",288,288,TRUE,"Skeena Coastal Summers","Skeena Coastal Summers",NA,NA,5,1,10,NA,NA
1,"Skeena","SKNA","Steelhead","SH",289,289,TRUE,"Morice","Morice",NA,NA,5,1,10,NA,NA
1,"Skeena","SKNA","Steelhead","SH",290,290,TRUE,"Skeena Coastal Winters","Skeena Coastal Winters",NA,NA,5,1,10,NA,NA
2,"Nass","NASS","Lake sockeye","SEL",418,418,TRUE,"Clements","Clements","SEL-23-01",NA,5,2,1,44,"Skeena Sockeye Salmon"
2,"Nass","NASS","Lake sockeye","SEL",419,419,TRUE,"Leverson","Leverson","SEL-23-02",NA,5,2,1,44,"Skeena Sockeye Salmon"
2,"Nass","NASS","Lake sockeye","SEL",420,420,TRUE,"Bowser","Bowser","SEL-24-01","Current",5,2,1,36,"Nass Sockeye Salmon"
2,"Nass","NASS","Lake sockeye","SEL",421,421,TRUE,"Damdochax","Damdochax","SEL-24-02","Current",5,2,1,36,"Nass Sockeye Salmon"
2,"Nass","NASS","Lake sockeye","SEL",422,422,TRUE,"Fred Wright","Fred Wright","SEL-24-03","Current",5,2,1,36,"Nass Sockeye Salmon"
2,"Nass","NASS","Lake sockeye","SEL",423,423,TRUE,"Kwinageese","Kwinageese","SEL-24-04","Current",5,2,1,36,"Nass Sockeye Salmon"
2,"Nass","NASS","Lake sockeye","SEL",424,424,TRUE,"Meziadin","Meziadin","SEL-24-05","Current",5,2,1,36,"Nass Sockeye Salmon"
2,"Nass","NASS","Lake sockeye","SEL",425,425,TRUE,"Oweegee","Oweegee","SEL-24-06","Current",5,2,1,36,"Nass Sockeye Salmon"
2,"Nass","NASS","River sockeye","SER",426,426,TRUE,"Lower Nass-Portland (river-type)","Lower Nass-Portland","SER-20","Current",4,2,2,36,"Nass Sockeye Salmon"
2,"Nass","NASS","River sockeye","SER",427,427,TRUE,"Upper Nass River (river-type)","Upper Nass River","SER-21","Current",4,2,2,36,"Nass Sockeye Salmon"
2,"Nass","NASS","Pink (odd)","PKO",414,414,TRUE,"Nass-Portland-Observatory (odd)","Nass-Portland-Observatory","PKO-17","Current",2,2,3,45,"Skeena/Nass Pink Salmon"
2,"Nass","NASS","Pink (odd)","PKO",415,415,TRUE,"Upper Nass (odd)","Upper Nass","PKO-18","Current",2,2,3,45,"Skeena/Nass Pink Salmon"
2,"Nass","NASS","Pink (even)","PKE",412,412,TRUE,"Upper Nass (even)","Upper Nass","PKE-12","Current",2,2,4,45,"Skeena/Nass Pink Salmon"
2,"Nass","NASS","Chinook","CK",401,401,TRUE,"Portland Sound-Observatory Inlet-Lower Nass","Portland Sound-Observatory Inlet-Lower Nass","CK-57","Current",5,2,5,4,"Central Coast Chinook Salmon"
2,"Nass","NASS","Chinook","CK",402,402,TRUE,"Upper Nass","Upper Nass","CK-58","Current",5,2,5,34,"Nass Chinook Salmon"
2,"Nass","NASS","Coho","CO",408,408,TRUE,"Lower Nass","Lower Nass","CO-35","Current",3,2,6,35,"Nass Coho Salmon"
2,"Nass","NASS","Coho","CO",409,409,TRUE,"Upper Nass","Upper Nass","CO-36","Current",3,2,6,35,"Nass Coho Salmon"
2,"Nass","NASS","Coho","CO",410,410,TRUE,"Portland Sound-Observatory Inlet-Portland Canal","Portland Sound-Observatory Inlet-Portland Canal","CO-37","Current",3,2,6,35,"Nass Coho Salmon"
2,"Nass","NASS","Chum","CM",404,404,TRUE,"Portland Inlet","Portland Inlet","CM-30","Current",4,2,7,46,"Skeena/Nass Chum Salmon"
2,"Nass","NASS","Chum","CM",405,405,TRUE,"Lower Nass","Lower Nass","CM-31","Current",4,2,7,46,"Skeena/Nass Chum Salmon"
2,"Nass","NASS","Chum","CM",406,406,TRUE,"Portland Canal-Observatory","Portland Canal-Observatory","CM-32","Current",4,2,7,46,"Skeena/Nass Chum Salmon"
2,"Nass","NASS","Steelhead","SH",480,480,TRUE,"Nass Summer","Nass Summer",NA,NA,5,2,10,NA,NA
2,"Nass","NASS","Steelhead","SH",481,481,TRUE,"Nass Winter","Nass Winter",NA,NA,5,2,10,NA,NA
3,"Central Coast","CC","Lake sockeye","SEL",524,524,TRUE,"Long","Long (Sockeye-Lake)","SEL-15-01","Current",5,3,1,41,"Rivers/Smith Sockeye Salmon"
3,"Central Coast","CC","Lake sockeye","SEL",525,525,TRUE,"Owikeno","Owikeno (Sockeye-Lake)","SEL-15-02","Current",5,3,1,41,"Rivers/Smith Sockeye Salmon"
3,"Central Coast","CC","Lake sockeye","SEL",527,527,TRUE,"Wannock (Owikeno)","Wannock[Owikeno] (Sockeye-Lake)","SEL-15-04","Current",5,3,1,41,"Rivers/Smith Sockeye Salmon"
3,"Central Coast","CC","Lake sockeye","SEL",528,528,TRUE,"South Atnarko Lakes","South Atnarko Lakes (Sockeye-Lake)","SX_528","Current",5,3,1,41,"Rivers/Smith Sockeye Salmon"
3,"Central Coast","CC","Lake sockeye","SEL",529,529,TRUE,"Backland","Backland (Sockeye-Lake)","SEL-18-01",NA,5,3,1,7,"Central Coast Sockeye Salmon "
3,"Central Coast","CC","Lake sockeye","SEL",530,530,TRUE,"Soda Creek","Soda Creek (Sockeye-Lake)","SEL-18-10",NA,5,3,1,7,"Central Coast Sockeye Salmon "
3,"Central Coast","CC","Lake sockeye","SEL",532,532,TRUE,"Canoona","Canoona (Sockeye-Lake)","SEL-18-02","Current",5,3,1,7,"Central Coast Sockeye Salmon "
3,"Central Coast","CC","Lake sockeye","SEL",533,533,TRUE,"Dome","Dome (Sockeye-Lake)","SEL-18-03",NA,5,3,1,7,"Central Coast Sockeye Salmon "
3,"Central Coast","CC","Lake sockeye","SEL",534,534,TRUE,"Evelyn","Evelyn (Sockeye-Lake)","SEL-18-04","Current",5,3,1,7,"Central Coast Sockeye Salmon "
3,"Central Coast","CC","Lake sockeye","SEL",535,535,TRUE,"Kainet Creek","Kainet Creek (Sockeye-Lake)","SEL-18-05","Current",5,3,1,7,"Central Coast Sockeye Salmon "
3,"Central Coast","CC","Lake sockeye","SEL",536,536,TRUE,"Kimsquit","Kimsquit (Sockeye-Lake)","SEL-18-06","Current",5,3,1,7,"Central Coast Sockeye Salmon "
3,"Central Coast","CC","Lake sockeye","SEL",537,537,TRUE,"Kitkiata","Kitkiata (Sockeye-Lake)","SEL-18-07","Current",5,3,1,7,"Central Coast Sockeye Salmon "
3,"Central Coast","CC","Lake sockeye","SEL",538,538,TRUE,"Kitlope","Kitlope (Sockeye-Lake)","SEL-18-08","Current",5,3,1,7,"Central Coast Sockeye Salmon "
3,"Central Coast","CC","Lake sockeye","SEL",539,539,TRUE,"Pine River","Pine River (Sockeye-Lake)","SEL-18-09","Current",5,3,1,7,"Central Coast Sockeye Salmon "
3,"Central Coast","CC","Lake sockeye","SEL",540,540,TRUE,"Banks","Banks (Sockeye-Lake)","SEL-19-01","Current",5,3,1,7,"Central Coast Sockeye Salmon "
3,"Central Coast","CC","Lake sockeye","SEL",541,541,TRUE,"Bloomfield","Bloomfield (Sockeye-Lake)","SEL-19-02","Current",5,3,1,7,"Central Coast Sockeye Salmon "
3,"Central Coast","CC","Lake sockeye","SEL",542,542,TRUE,"Bolton Creek","Bolton Creek (Sockeye-Lake)","SEL-19-03","Current",5,3,1,7,"Central Coast Sockeye Salmon "
3,"Central Coast","CC","Lake sockeye","SEL",543,543,TRUE,"Bonilla","Bonilla (Sockeye-Lake)","SEL-19-04","Current",5,3,1,7,"Central Coast Sockeye Salmon "
3,"Central Coast","CC","Lake sockeye","SEL",544,544,TRUE,"Borrowman Creek","Borrowman Creek (Sockeye-Lake)","SEL-19-05",NA,5,3,1,7,"Central Coast Sockeye Salmon "
3,"Central Coast","CC","Lake sockeye","SEL",545,545,TRUE,"Busey Creek","Busey Creek (Sockeye-Lake)","SEL-19-06",NA,5,3,1,7,"Central Coast Sockeye Salmon "
3,"Central Coast","CC","Lake sockeye","SEL",546,546,TRUE,"Cartwright Creek","Cartwright Creek (Sockeye-Lake)","SEL-19-07",NA,5,3,1,7,"Central Coast Sockeye Salmon "
3,"Central Coast","CC","Lake sockeye","SEL",547,547,TRUE,"Chic Chic","Chic Chic (Sockeye-Lake)","SEL-19-08",NA,5,3,1,7,"Central Coast Sockeye Salmon "
3,"Central Coast","CC","Lake sockeye","SEL",548,548,TRUE,"Tuwartz","Tuwartz (Sockeye-Lake)","SEL-19-09",NA,5,3,1,7,"Central Coast Sockeye Salmon "
3,"Central Coast","CC","Lake sockeye","SEL",549,549,TRUE,"Fannie Cove","Fannie Cove (Sockeye-Lake)","SEL-19-10","Current",5,3,1,7,"Central Coast Sockeye Salmon "
3,"Central Coast","CC","Lake sockeye","SEL",550,550,TRUE,"Curtis Inlet","Curtis Inlet (Sockeye-Lake)","SEL-19-11","Current",5,3,1,7,"Central Coast Sockeye Salmon "
3,"Central Coast","CC","Lake sockeye","SEL",551,551,TRUE,"Dallain Creek","Dallain Creek (Sockeye-Lake)","SEL-19-12",NA,5,3,1,7,"Central Coast Sockeye Salmon "
3,"Central Coast","CC","Lake sockeye","SEL",552,552,TRUE,"Deer","Deer (Sockeye-Lake)","SEL-19-13",NA,5,3,1,7,"Central Coast Sockeye Salmon "
3,"Central Coast","CC","Lake sockeye","SEL",553,553,TRUE,"Devon","Devon (Sockeye-Lake)","SEL-19-14","Current",5,3,1,7,"Central Coast Sockeye Salmon "
3,"Central Coast","CC","Lake sockeye","SEL",554,554,TRUE,"Douglas Creek","Douglas Creek (Sockeye-Lake)","SEL-19-15",NA,5,3,1,7,"Central Coast Sockeye Salmon "
3,"Central Coast","CC","Lake sockeye","SEL",555,555,TRUE,"Elizabeth","Elizabeth (Sockeye-Lake)","SEL-19-16",NA,5,3,1,7,"Central Coast Sockeye Salmon "
3,"Central Coast","CC","Lake sockeye","SEL",556,556,TRUE,"Elsie/Hoy","Elsie/Hoy (Sockeye-Lake)","SEL-19-17","Current",5,3,1,7,"Central Coast Sockeye Salmon "
3,"Central Coast","CC","Lake sockeye","SEL",557,557,TRUE,"End Hill Creek","End Hill Creek (Sockeye-Lake)","SEL-19-18","Current",5,3,1,7,"Central Coast Sockeye Salmon "
3,"Central Coast","CC","Lake sockeye","SEL",558,558,TRUE,"Evinrude Inlet","Evinrude Inlet (Sockeye-Lake)","SEL-19-19",NA,5,3,1,7,"Central Coast Sockeye Salmon "
3,"Central Coast","CC","Lake sockeye","SEL",559,559,TRUE,"Freeda","Freeda (Sockeye-Lake)","SEL-19-20","Current",5,3,1,7,"Central Coast Sockeye Salmon "
3,"Central Coast","CC","Lake sockeye","SEL",560,560,TRUE,"Hartley Bay","Hartley Bay (Sockeye-Lake)","SEL-19-21",NA,5,3,1,7,"Central Coast Sockeye Salmon "
3,"Central Coast","CC","Lake sockeye","SEL",561,561,TRUE,"Hevenor Inlet","Hevenor Inlet (Sockeye-Lake)","SEL-19-22",NA,5,3,1,7,"Central Coast Sockeye Salmon "
3,"Central Coast","CC","Lake sockeye","SEL",562,562,TRUE,"Higgins Lagoon","Higgins Lagoon (Sockeye-Lake)","SEL-19-23","Current",5,3,1,7,"Central Coast Sockeye Salmon "
3,"Central Coast","CC","Lake sockeye","SEL",563,563,TRUE,"Kadjusdis River","Kadjusdis River (Sockeye-Lake)","SEL-19-24",NA,5,3,1,7,"Central Coast Sockeye Salmon "
3,"Central Coast","CC","Lake sockeye","SEL",564,564,TRUE,"Kdelmashan Creek","Kdelmashan Creek (Sockeye-Lake)","SEL-19-25","Current",5,3,1,7,"Central Coast Sockeye Salmon "
3,"Central Coast","CC","Lake sockeye","SEL",565,565,TRUE,"Keecha","Keecha (Sockeye-Lake)","SEL-19-26","Current",5,3,1,7,"Central Coast Sockeye Salmon "
3,"Central Coast","CC","Lake sockeye","SEL",566,566,TRUE,"Kent Inlet Lagoon Creek","Kent Inlet Lagoon Creek (Sockeye-Lake)","SEL-19-27","Current",5,3,1,7,"Central Coast Sockeye Salmon "
3,"Central Coast","CC","Lake sockeye","SEL",567,567,TRUE,"Kenzuwash Creeks","Kenzuwash Creeks (Sockeye-Lake)","SEL-19-28",NA,5,3,1,7,"Central Coast Sockeye Salmon "
3,"Central Coast","CC","Lake sockeye","SEL",568,568,TRUE,"Keswar Creek","Keswar Creek (Sockeye-Lake)","SEL-19-29",NA,5,3,1,7,"Central Coast Sockeye Salmon "
3,"Central Coast","CC","Lake sockeye","SEL",569,569,TRUE,"Kildidt Creek","Kildidt Creek (Sockeye-Lake)","SEL-19-30",NA,5,3,1,7,"Central Coast Sockeye Salmon "
3,"Central Coast","CC","Lake sockeye","SEL",570,570,TRUE,"Kildidt Lagoon Creek","Kildidt Lagoon Creek (Sockeye-Lake)","SEL-19-31","Current",5,3,1,7,"Central Coast Sockeye Salmon "
3,"Central Coast","CC","Lake sockeye","SEL",571,571,TRUE,"Kisameet","Kisameet (Sockeye-Lake)","SEL-19-32","Current",5,3,1,7,"Central Coast Sockeye Salmon "
3,"Central Coast","CC","Lake sockeye","SEL",572,572,TRUE,"Koeye","Koeye (Sockeye-Lake)","SEL-19-33","Current",5,3,1,7,"Central Coast Sockeye Salmon "
3,"Central Coast","CC","Lake sockeye","SEL",573,573,TRUE,"Kooryet","Kooryet (Sockeye-Lake)","SEL-19-34","Current",5,3,1,7,"Central Coast Sockeye Salmon "
3,"Central Coast","CC","Lake sockeye","SEL",574,574,TRUE,"Kunsoot River","Kunsoot River (Sockeye-Lake)","SEL-19-35",NA,5,3,1,7,"Central Coast Sockeye Salmon "
3,"Central Coast","CC","Lake sockeye","SEL",575,575,TRUE,"Kwakwa Creek","Kwakwa Creek (Sockeye-Lake)","SEL-19-36","Current",5,3,1,7,"Central Coast Sockeye Salmon "
3,"Central Coast","CC","Lake sockeye","SEL",576,576,TRUE,"Lewis Creek","Lewis Creek (Sockeye-Lake)","SEL-19-37",NA,5,3,1,7,"Central Coast Sockeye Salmon "
3,"Central Coast","CC","Lake sockeye","SEL",577,577,TRUE,"Limestone Creek","Limestone Creek (Sockeye-Lake)","SEL-19-38","Current",5,3,1,7,"Central Coast Sockeye Salmon "
3,"Central Coast","CC","Lake sockeye","SEL",578,578,TRUE,"Lowe/Simpson/Weir","Lowe/Simpson/Weir (Sockeye-Lake)","SEL-19-39",NA,5,3,1,7,"Central Coast Sockeye Salmon "
3,"Central Coast","CC","Lake sockeye","SEL",579,579,TRUE,"Mary Cove Creek","Mary Cove Creek (Sockeye-Lake)","SEL-19-40","Current",5,3,1,7,"Central Coast Sockeye Salmon "
3,"Central Coast","CC","Lake sockeye","SEL",580,580,TRUE,"Mcdonald Creek","Mcdonald Creek (Sockeye-Lake)","SEL-19-41",NA,5,3,1,7,"Central Coast Sockeye Salmon "
3,"Central Coast","CC","Lake sockeye","SEL",581,581,TRUE,"Mcloughlin","Mcloughlin (Sockeye-Lake)","SEL-19-42",NA,5,3,1,7,"Central Coast Sockeye Salmon "
3,"Central Coast","CC","Lake sockeye","SEL",582,582,TRUE,"Mikado","Mikado (Sockeye-Lake)","SEL-19-43","Current",5,3,1,7,"Central Coast Sockeye Salmon "
3,"Central Coast","CC","Lake sockeye","SEL",583,583,TRUE,"Monckton Inlet Creek","Monckton Inlet Creek (Sockeye-Lake)","SEL-19-44",NA,5,3,1,7,"Central Coast Sockeye Salmon "
3,"Central Coast","CC","Lake sockeye","SEL",584,584,TRUE,"Namu","Namu (Sockeye-Lake)","SEL-19-45","Current",5,3,1,7,"Central Coast Sockeye Salmon "
3,"Central Coast","CC","Lake sockeye","SEL",585,585,TRUE,"Port John","Port John (Sockeye-Lake)","SEL-19-46","Current",5,3,1,7,"Central Coast Sockeye Salmon "
3,"Central Coast","CC","Lake sockeye","SEL",586,586,TRUE,"Powles Creek","Powles Creek (Sockeye-Lake)","SEL-19-47","Current",5,3,1,7,"Central Coast Sockeye Salmon "
3,"Central Coast","CC","Lake sockeye","SEL",587,587,TRUE,"Price Creek","Price Creek (Sockeye-Lake)","SEL-19-48",NA,5,3,1,7,"Central Coast Sockeye Salmon "
3,"Central Coast","CC","Lake sockeye","SEL",588,588,TRUE,"Roderick","Roderick (Sockeye-Lake)","SEL-19-50",NA,5,3,1,7,"Central Coast Sockeye Salmon "
3,"Central Coast","CC","Lake sockeye","SEL",589,589,TRUE,"Ryan Creek","Ryan Creek (Sockeye-Lake)","SEL-19-51","Current",5,3,1,7,"Central Coast Sockeye Salmon "
3,"Central Coast","CC","Lake sockeye","SEL",590,590,TRUE,"Salter","Salter (Sockeye-Lake)","SEL-19-52","Current",5,3,1,7,"Central Coast Sockeye Salmon "
3,"Central Coast","CC","Lake sockeye","SEL",591,591,TRUE,"Scoular/Kilpatrick","Scoular/Kilpatrick (Sockeye-Lake)","SEL-19-53","Current",5,3,1,7,"Central Coast Sockeye Salmon "
3,"Central Coast","CC","Lake sockeye","SEL",592,592,TRUE,"Sheneeza Inlet","Sheneeza Inlet (Sockeye-Lake)","SEL-19-55",NA,5,3,1,7,"Central Coast Sockeye Salmon "
3,"Central Coast","CC","Lake sockeye","SEL",593,593,TRUE,"Ship Point Creek","Ship Point Creek (Sockeye-Lake)","SEL-19-56",NA,5,3,1,7,"Central Coast Sockeye Salmon "
3,"Central Coast","CC","Lake sockeye","SEL",594,594,TRUE,"Spencer Creek","Spencer Creek (Sockeye-Lake)","SEL-19-57","Current",5,3,1,7,"Central Coast Sockeye Salmon "
3,"Central Coast","CC","Lake sockeye","SEL",595,595,TRUE,"Stannard Creek","Stannard Creek (Sockeye-Lake)","SEL-19-58",NA,5,3,1,7,"Central Coast Sockeye Salmon "
3,"Central Coast","CC","Lake sockeye","SEL",596,596,TRUE,"Talamoosa Creek","Talamoosa Creek (Sockeye-Lake)","SEL-19-59","Current",5,3,1,7,"Central Coast Sockeye Salmon "
3,"Central Coast","CC","Lake sockeye","SEL",597,597,TRUE,"Tankeeah River","Tankeeah River (Sockeye-Lake)","SEL-19-60","Current",5,3,1,7,"Central Coast Sockeye Salmon "
3,"Central Coast","CC","Lake sockeye","SEL",598,598,TRUE,"Treneman Creek","Treneman Creek (Sockeye-Lake)","SEL-19-61",NA,5,3,1,7,"Central Coast Sockeye Salmon "
3,"Central Coast","CC","Lake sockeye","SEL",599,599,TRUE,"Tsimtack/Moore/Roger","Tsimtack/Moore/Roger (Sockeye-Lake)","SEL-19-62","Current",5,3,1,7,"Central Coast Sockeye Salmon "
3,"Central Coast","CC","Lake sockeye","SEL",600,600,TRUE,"Tuno Creek East","Tuno Creek East (Sockeye-Lake)","SEL-19-63",NA,5,3,1,7,"Central Coast Sockeye Salmon "
3,"Central Coast","CC","Lake sockeye","SEL",601,601,TRUE,"Tuno Creek West","Tuno Creek West (Sockeye-Lake)","SEL-19-64","Current",5,3,1,7,"Central Coast Sockeye Salmon "
3,"Central Coast","CC","Lake sockeye","SEL",602,602,TRUE,"Tyler Creek","Tyler Creek (Sockeye-Lake)","SEL-19-65",NA,5,3,1,7,"Central Coast Sockeye Salmon "
3,"Central Coast","CC","Lake sockeye","SEL",603,603,TRUE,"Wale Creek","Wale Creek (Sockeye-Lake)","SEL-19-66","Current",5,3,1,7,"Central Coast Sockeye Salmon "
3,"Central Coast","CC","Lake sockeye","SEL",604,604,TRUE,"Watt Bay","Watt Bay (Sockeye-Lake)","SEL-19-67",NA,5,3,1,7,"Central Coast Sockeye Salmon "
3,"Central Coast","CC","Lake sockeye","SEL",605,605,TRUE,"West Creek","West Creek (Sockeye-Lake)","SEL-19-68",NA,5,3,1,7,"Central Coast Sockeye Salmon "
3,"Central Coast","CC","Lake sockeye","SEL",606,606,TRUE,"Yaaklele Lagoon","Yaaklele Lagoon (Sockeye-Lake)","SEL-19-69",NA,5,3,1,7,"Central Coast Sockeye Salmon "
3,"Central Coast","CC","Lake sockeye","SEL",607,607,TRUE,"Yeo","Yeo (Sockeye-Lake)","SEL-19-70","Current",5,3,1,7,"Central Coast Sockeye Salmon "
3,"Central Coast","CC","River sockeye","SER",613,613,TRUE,"Rivers-Smith Inlets (river-type)","Rivers-Smith Inlets (Sockeye-River)","SER-12","Current",4,3,2,41,"Rivers/Smith Sockeye Salmon"
3,"Central Coast","CC","River sockeye","SER",614,614,TRUE,"Northern Coastal Fjords (river-type)","Northern Coastal Fjords (Sockeye-River)","SER-16","Current",4,3,2,7,"Central Coast Sockeye Salmon "
3,"Central Coast","CC","River sockeye","SER",615,615,TRUE,"Northern Coastal Streams (river-type)","Northn Coastal Streams (Sockeye-River)","SER-17","Current",4,3,2,7,"Central Coast Sockeye Salmon "
3,"Central Coast","CC","Pink (odd)","PKO",610,610,TRUE,"Homathko-Klinaklini-Smith-Rivers-Bella Coola-Dean (odd)","Homathko-Klinaklini-Smith-Rivers-Bella Coola-Dean (Pink-Odd Year)","PKO-8","Current",2,3,3,8,"Central Coast Pink Salmon"
3,"Central Coast","CC","Pink (odd)","PKO",611,611,TRUE,"Hecate Strait-Lowlands (odd)","Hecate Strait-Lowlands (Pink-Odd Year)","PKO-12","Current",2,3,3,8,"Central Coast Pink Salmon"
3,"Central Coast","CC","Pink (odd)","PKO",612,612,TRUE,"Hecate Strait-Fjords (odd)","Hecate Strait-Fjords (Pink-Odd Year)","PKO-13","Current",2,3,3,8,"Central Coast Pink Salmon"
3,"Central Coast","CC","Pink (even)","PKE",608,608,TRUE,"Hecate Lowlands (even)","Hecate Lowlands (Pink-Even Year)","PKE-5","Current",2,3,4,8,"Central Coast Pink Salmon"
3,"Central Coast","CC","Pink (even)","PKE",609,609,TRUE,"Hecate Strait-Fjords (even)","Hecate Strait-Fjords (Pink-Even Year)","PKE-6","Current",2,3,4,8,"Central Coast Pink Salmon"
3,"Central Coast","CC","Chinook","CK",509,509,TRUE,"Docee","Docee (Chinook)","CK-36","Current",4,3,5,4,"Central Coast Chinook Salmon"
3,"Central Coast","CC","Chinook","CK",510,510,TRUE,"Rivers Inlet","Rivers Inlet (Chinook)","CK-37","Current",5,3,5,4,"Central Coast Chinook Salmon"
3,"Central Coast","CC","Chinook","CK",511,511,TRUE,"Wannock","Wannock (Chinook)","CK-38","Current",5,3,5,4,"Central Coast Chinook Salmon"
3,"Central Coast","CC","Chinook","CK",512,512,TRUE,"Bella Coola-Bentinck","Bella Coola-Bentinck (Chinook)","CK-39","Current",5,3,5,4,"Central Coast Chinook Salmon"
3,"Central Coast","CC","Chinook","CK",513,513,TRUE,"Dean River","Dean River (Chinook)","CK-40","Current",5,3,5,4,"Central Coast Chinook Salmon"
3,"Central Coast","CC","Chinook","CK",514,514,TRUE,"North & Central Coast-Late","North & Central Coast-late timing (Chinook)","CK-41","Current",5,3,5,4,"Central Coast Chinook Salmon"
3,"Central Coast","CC","Chinook","CK",515,515,TRUE,"North & Central Coast-Early","North & Central Coast-early timing (Chinook)","CK-42","Current",5,3,5,4,"Central Coast Chinook Salmon"
3,"Central Coast","CC","Coho","CO",516,516,TRUE,"Smith Inlet","Smith Inlet (Coho)","CO-20","Current",3,3,6,6,"Central Coast Coho Salmon"
3,"Central Coast","CC","Coho","CO",517,517,TRUE,"Rivers Inlet","Rivers Inlet (Coho)","CO-21","Current",3,3,6,6,"Central Coast Coho Salmon"
3,"Central Coast","CC","Coho","CO",518,518,TRUE,"Bella Coola-Dean Rivers","Bella Coola-Dean Rivers (Coho)","CO-22","Current",3,3,6,6,"Central Coast Coho Salmon"
3,"Central Coast","CC","Coho","CO",519,519,TRUE,"Mussel-Kynoch","Mussel-Kynoch (Coho)","CO-26","Current",3,3,6,6,"Central Coast Coho Salmon"
3,"Central Coast","CC","Coho","CO",520,520,TRUE,"Hecate Strait Mainland","Hecate Strait Mainland (Coho)","CO-27","Current",3,3,6,6,"Central Coast Coho Salmon"
3,"Central Coast","CC","Coho","CO",522,522,TRUE,"Douglas Channel-Kitimat Arm","Douglas Channel-Kitimat Arm (Coho)","CO-29","Current",3,3,6,6,"Central Coast Coho Salmon"
3,"Central Coast","CC","Coho","CO",523,523,TRUE,"Northern Coastal Streams","Northern Coastal Streams (Coho)","CO-30","Current",3,3,6,6,"Central Coast Coho Salmon"
3,"Central Coast","CC","Chum","CM",500,500,TRUE,"Smith Inlet","Smith Inlet (Chum)","CM-12","Current",4,3,7,5,"Central Coast Chum Salmon"
3,"Central Coast","CC","Chum","CM",501,501,TRUE,"Rivers Inlet","Rivers Inlet (Chum)","CM-13","Current",4,3,7,5,"Central Coast Chum Salmon"
3,"Central Coast","CC","Chum","CM",502,502,TRUE,"Wannock","Wannock (Chum)","CM-14","Current",4,3,7,5,"Central Coast Chum Salmon"
3,"Central Coast","CC","Chum","CM",503,503,TRUE,"Spiller-Fitz-Hugh-Burke","Spiller-Fitz-Hugh-Burke (Chum)","CM-15","Current",4,3,7,5,"Central Coast Chum Salmon"
3,"Central Coast","CC","Chum","CM",504,504,TRUE,"Bella Coola-Dean Rivers","Bella Coola-Dean Rivers (Chum)","CM-16","Current",4,3,7,5,"Central Coast Chum Salmon"
3,"Central Coast","CC","Chum","CM",505,505,TRUE,"Bella Coola River-Late","Bella Coola River-Late (Chum)","CM-17","Current",4,3,7,5,"Central Coast Chum Salmon"
3,"Central Coast","CC","Chum","CM",506,506,TRUE,"Hecate Lowlands","Hecate Lowlands (Chum)","CM-18","Current",4,3,7,5,"Central Coast Chum Salmon"
3,"Central Coast","CC","Chum","CM",507,507,TRUE,"Mussel-Kynoch","Mussel-Kynock (Chum)","CM-19","Current",4,3,7,5,"Central Coast Chum Salmon"
3,"Central Coast","CC","Chum","CM",508,508,TRUE,"Douglas-Gardner","Douglas-Gardner (Chum)","CM-20","Current",4,3,7,5,"Central Coast Chum Salmon"
3,"Central Coast","CC","Steelhead","SH",680,680,TRUE,"North Coast Winter","North Coast Winter",NA,NA,5,3,10,NA,NA
3,"Central Coast","CC","Steelhead","SH",681,681,TRUE,"North Coast Summer","North Coast Summer",NA,NA,5,3,10,NA,NA
3,"Central Coast","CC","Steelhead","SH",682,682,TRUE,"Central Coast Winter","Central Coast Winter",NA,NA,5,3,10,NA,NA
3,"Central Coast","CC","Steelhead","SH",683,683,TRUE,"Transition Summer","Transition Summer",NA,NA,5,3,10,NA,NA
4,"Fraser","FRSR","Lake sockeye","SEL",711,711,TRUE,"Chilliwack-Early Summer (cyclic)","Chilliwack_Early Summer","SEL-03-01","Current",4,4,1,15,"Fraser Sockeye Salmon - Early Summer"
4,"Fraser","FRSR","Lake sockeye","SEL",712,712,TRUE,"Cultus-Late","Cultus_Late","SEL-03-02","Current",4,4,1,16,"Fraser Sockeye Salmon - Late"
4,"Fraser","FRSR","Lake sockeye","SEL",713,713,TRUE,"Harrison-Downstream Migrating-Late","Harrison-downstream migrating_Late","SEL-03-03","Current",4,4,1,16,"Fraser Sockeye Salmon - Late"
4,"Fraser","FRSR","Lake sockeye","SEL",714,714,TRUE,"Harrison-Upstream Migrating-Late","Harrison-upstream migrating_Late","SEL-03-04","Current",4,4,1,16,"Fraser Sockeye Salmon - Late"
4,"Fraser","FRSR","Lake sockeye","SEL",715,715,TRUE,"Pitt-Early Summer","Pitt_Early Summer","SEL-03-05","Current",4,4,1,15,"Fraser Sockeye Salmon - Early Summer"
4,"Fraser","FRSR","Lake sockeye","SEL",716,716,TRUE,"Lillooet-Harrison-Late","Lillooet/Harrison_Late","SEL-04-01","Current",4,4,1,16,"Fraser Sockeye Salmon - Late"
4,"Fraser","FRSR","Lake sockeye","SEL",718,718,TRUE,"Nahatlatch-Early Summer","Nahatlatch_Early Summer","SEL-05-02","Current",4,4,1,15,"Fraser Sockeye Salmon - Early Summer"
4,"Fraser","FRSR","Lake sockeye","SEL",719,719,TRUE,"Anderson-Seton-Early Summer","Anderson/Seton_Early Summer","SEL-06-01","Current",4,4,1,15,"Fraser Sockeye Salmon - Early Summer"
4,"Fraser","FRSR","Lake sockeye","SEL",720,720,TRUE,"Chilko-Early Summer","Chilko_Early Summer","SEL-06-02","Current",4,4,1,15,"Fraser Sockeye Salmon - Early Summer"
4,"Fraser","FRSR","Lake sockeye","SEL",721,721,TRUE,"Chilko-Summer","Chilko_Summer","SEL-06-03","Current",4,4,1,17,"Fraser Sockeye Salmon - Summer"
4,"Fraser","FRSR","Lake sockeye","SEL",725,725,TRUE,"Francois-Fraser-Summer","Francois/Fraser_Summer","SEL-06-07","Current",4,4,1,17,"Fraser Sockeye Salmon - Summer"
4,"Fraser","FRSR","Lake sockeye","SEL",727,727,TRUE,"Nadina-Francois-Early Summer","Nadina/Francois_Early Summer <<Extinct>>","SEL-06-20","VREQ[Bin]",4,4,1,15,"Fraser Sockeye Salmon - Early Summer"
4,"Fraser","FRSR","Lake sockeye","SEL",728,728,TRUE,"Quesnel-Summer (cyclic)","Quesnel_Summer","SEL-06-10","Current",4,4,1,17,"Fraser Sockeye Salmon - Summer"
4,"Fraser","FRSR","Lake sockeye","SEL",729,729,TRUE,"Seton-Late (de novo)","Seton_Late","SEL-06-11","Bin",4,4,1,16,"Fraser Sockeye Salmon - Late"
4,"Fraser","FRSR","Lake sockeye","SEL",731,731,TRUE,"Takla-Trembleur-Stuart-Summer (cyclic)","Takla/Trembleur/Stuart_Summer","SEL-06-13","Current",4,4,1,17,"Fraser Sockeye Salmon - Summer"
4,"Fraser","FRSR","Lake sockeye","SEL",732,732,TRUE,"Takla-Trembleur-Early Stuart (cyclic)","Takla/Trembleur_Early Stuart","SEL-06-14","Current",4,4,1,18,"Fraser Sockeye Salmon -Early Stuart"
4,"Fraser","FRSR","Lake sockeye","SEL",734,734,TRUE,"Taseko-Early Summer","Taseko_Early Summer","SEL-06-16","Current",4,4,1,15,"Fraser Sockeye Salmon - Early Summer"
4,"Fraser","FRSR","Lake sockeye","SEL",735,735,TRUE,"Bowron-Early Summer","Bowron_Early Summer","SEL-07-01","Current",4,4,1,15,"Fraser Sockeye Salmon - Early Summer"
4,"Fraser","FRSR","Lake sockeye","SEL",738,738,TRUE,"Shuswap-Early Summer (cyclic)","Shuswap_Early Summer","SEL-09-02","Current",4,4,1,15,"Fraser Sockeye Salmon - Early Summer"
4,"Fraser","FRSR","Lake sockeye","SEL",739,739,TRUE,"Shuswap-Late (cyclic)","Shuswap_Late","SEL-09-03","Current",4,4,1,16,"Fraser Sockeye Salmon - Late"
4,"Fraser","FRSR","Lake sockeye","SEL",740,740,TRUE,"Kamloops-Early Summer","Kamloops_Early Summer","SEL-10-01","Current",4,4,1,15,"Fraser Sockeye Salmon - Early Summer"
4,"Fraser","FRSR","Lake sockeye","SEL",752,752,TRUE,"North Barriere-Early Summer (de novo)","North Barriere_Early Summer <<de novo>>","SEL-10-03","Bin",4,4,1,15,"Fraser Sockeye Salmon - Early Summer"
4,"Fraser","FRSR","Lake sockeye","SEL",753,753,TRUE,"Fraser-Early Summer","Fraser_Early Summer<<Extinct>>","SEL-06-06","Current",4,4,1,NA,NA
4,"Fraser","FRSR","Lake sockeye","SEL",756,756,TRUE,"Alouette-Early Summer","Alouette - Early Summer <<Extinct>>",NA,"Current",4,4,1,NA,NA
4,"Fraser","FRSR","Lake sockeye","SEL",757,757,TRUE,"Coquitlam-Early Summer","Coquitlam – Early Summer <<Extinct>>",NA,"Current",4,4,1,NA,NA
4,"Fraser","FRSR","Lake sockeye","SEL",758,758,TRUE,"Kawkawa-Late","Kawkawa – Late <<Extinct>>",NA,"Extinct",4,4,1,NA,NA
4,"Fraser","FRSR","Lake sockeye","SEL",759,759,TRUE,"Seton-Summer","Seton - Summer <<Extinct>>",NA,"Extinct",4,4,1,NA,NA
4,"Fraser","FRSR","Lake sockeye","SEL",760,760,TRUE,"Adams-Early Summer","Adams - Early Summer <<Extinct>>",NA,"Extinct",4,4,1,NA,NA
4,"Fraser","FRSR","Lake sockeye","SEL",761,761,TRUE,"Momich-Early Summer","Momich - Early Summer <<Extinct>>",NA,"Extinct",4,4,1,NA,NA
4,"Fraser","FRSR","Lake sockeye","SEL",763,763,TRUE,"North Barriere-Early Summer","North Barriere - Early Summer <<Extinct>>",NA,"Extinct",4,4,1,NA,NA
4,"Fraser","FRSR","River sockeye","SER",742,742,TRUE,"Widgeon (river-type)","Widgeon","SER-02","Current",4,4,2,17,"Fraser Sockeye Salmon - Summer"
4,"Fraser","FRSR","River sockeye","SER",745,745,TRUE,"Harrison River (river-type)","Harrison River","SER-03","Current",4,4,2,17,"Fraser Sockeye Salmon - Summer"
4,"Fraser","FRSR","Pink (odd)","PKO",710,710,TRUE,"Fraser River (odd)","Fraser River","PKO-1","Current",2,4,3,14,"Fraser Pink Salmon (odd)"
4,"Fraser","FRSR","Chinook","CK",302,302,TRUE,"Boundary Bay (Fall 4-1)","CK002-Boundary Bay_FA_0.3","CK-2","VREQ[Current]",4,4,5,23,"Georgia Strait Chinook Salmon"
4,"Fraser","FRSR","Chinook","CK",303,303,TRUE,"Lower Fraser River (Fall 4-1)","CK003-Lower Fraser River_FA_0.3","CK-3","Current",4,4,5,13,"Fraser Chinook Salmon - Fall 4~2~"
4,"Fraser","FRSR","Chinook","CK",304,304,TRUE,"Lower Fraser River (Spring 5-2)","CK004-Lower Fraser River_SP_1.3","CK-4","Current",5,4,5,20,"Fraser Chinook Salmon - Spring 5~2~"
4,"Fraser","FRSR","Chinook","CK",305,305,TRUE,"Lower Fraser River-Upper Pitt (Summer 5-2)","CK005-Lower Fraser River-Upper Pitt_SU_1.3","CK-5","Current",5,4,5,20,"Fraser Chinook Salmon - Spring 5~2~"
4,"Fraser","FRSR","Chinook","CK",306,306,TRUE,"Lower Fraser River (Summer 5-2)","CK006-Lower Fraser River_SU_1.3","CK-6","Current",5,4,5,22,"Fraser Chinook Salmon - Summer 5~2~"
4,"Fraser","FRSR","Chinook","CK",307,307,TRUE,"Lower Fraser River-Maria Slough (Summer 4-1)","CK007-Maria Slough_SU_0.3","CK-7","VREQ[Current]",4,4,5,21,"Fraser Chinook Salmon - Summer 4~1~"
4,"Fraser","FRSR","Chinook","CK",308,308,TRUE,"Fraser Canyon-Nahatlatch (Spring 5-2)","CK008-Middle Fraser-Fraser Canyon_SP_1.3","CK-8","Current",5,4,5,20,"Fraser Chinook Salmon - Spring 5~2~"
4,"Fraser","FRSR","Chinook","CK",309,309,TRUE,"Middle Fraser River-Portage (Fall 5-2)","CK009-Middle Fraser River-Portage_FA_1.3","CK-9","Current",5,4,5,22,"Fraser Chinook Salmon - Summer 5~2~"
4,"Fraser","FRSR","Chinook","CK",310,310,TRUE,"Middle Fraser River (Spring 5-2)","CK010-Middle Fraser River_SP_1.3","CK-10","Current",5,4,5,20,"Fraser Chinook Salmon - Spring 5~2~"
4,"Fraser","FRSR","Chinook","CK",311,311,TRUE,"Middle Fraser River (Summer 5-2)","CK011-Middle Fraser River_SU_1.3","CK-11","Current",5,4,5,22,"Fraser Chinook Salmon - Summer 5~2~"
4,"Fraser","FRSR","Chinook","CK",312,312,TRUE,"Upper Fraser River (Spring 5-2)","CK012-Upper Fraser River_SP_1.3","CK-12","Current",5,4,5,20,"Fraser Chinook Salmon - Spring 5~2~"
4,"Fraser","FRSR","Chinook","CK",313,313,TRUE,"South Thompson River (Summer 4-1)","CK013-South Thompson_SU_0.3","CK-13","Current",4,4,5,21,"Fraser Chinook Salmon - Summer 4~1~"
4,"Fraser","FRSR","Chinook","CK",314,314,TRUE,"South Thompson River (Summer 5-2)","CK014-South Thompson_SU_1.3","CK-14","Current",5,4,5,22,"Fraser Chinook Salmon - Summer 5~2~"
4,"Fraser","FRSR","Chinook","CK",315,315,TRUE,"Shuswap River (Summer 4-1)","CK015-Shuswap River_SU_0.3","CK-15","Current",4,4,5,21,"Fraser Chinook Salmon - Summer 4~1~"
4,"Fraser","FRSR","Chinook","CK",316,316,TRUE,"South Thompson River-Bessette Creek (Summer 4-2)","CK016-South Thompson-Bessette Creek_SU_1.2","CK-16","Current",4,4,5,19,"Fraser Chinook Salmon - Spring 4~2~"
4,"Fraser","FRSR","Chinook","CK",317,317,TRUE,"Lower Thompson River (Spring 4-2)","CK017-Lower Thompson_SP_1.2","CK-17","Current",4,4,5,19,"Fraser Chinook Salmon - Spring 4~2~"
4,"Fraser","FRSR","Chinook","CK",318,318,TRUE,"North Thompson River (Spring 5-2)","CK018-North Thompson_SP_1.3","CK-18","Current",5,4,5,20,"Fraser Chinook Salmon - Spring 5~2~"
4,"Fraser","FRSR","Chinook","CK",319,319,TRUE,"North Thompson River (Summer 5-2)","CK019-North Thompson_SU_1.3","CK-19","Current",5,4,5,22,"Fraser Chinook Salmon - Summer 5~2~"
4,"Fraser","FRSR","Chinook","CK",333,333,TRUE,"South Thompson-Adams River Upper","CK082-Upper Adams River_SU_x.x","CK-82","Current",5,4,5,21,"Fraser Chinook Salmon - Summer 4~1~"
4,"Fraser","FRSR","Coho","CO",704,704,TRUE,"Lillooet","Lillooet","CO-4","Current",3,4,6,33,"Lower Fraser Coho Salmon"
4,"Fraser","FRSR","Coho","CO",705,705,TRUE,"Fraser Canyon","Fraser Canyon","CO-5","Current",3,4,6,30,"Interior Fraser Coho Salmon"
4,"Fraser","FRSR","Coho","CO",707,707,TRUE,"Lower Thompson","Lower Thompson","CO-7","Current",3,4,6,30,"Interior Fraser Coho Salmon"
4,"Fraser","FRSR","Coho","CO",708,708,TRUE,"South Thompson","South Thompson","CO-8","Current",3,4,6,30,"Interior Fraser Coho Salmon"
4,"Fraser","FRSR","Coho","CO",709,709,TRUE,"North Thompson","North Thompson","CO-9","Current",3,4,6,30,"Interior Fraser Coho Salmon"
4,"Fraser","FRSR","Coho","CO",749,749,TRUE,"Interior Fraser","Interior Fraser","CO-48","Current",3,4,6,30,"Interior Fraser Coho Salmon"
4,"Fraser","FRSR","Coho","CO",750,750,TRUE,"Lower Fraser","Lower Fraser","CO-47","Current",3,4,6,33,"Lower Fraser Coho Salmon"
4,"Fraser","FRSR","Coho","CO",906,906,TRUE,"Boundary Bay","Boundary Bay","CO-1","VREQ[Current]",3,4,6,50,"Georgia Strait Coho Salmon"
4,"Fraser","FRSR","Chum","CM",701,701,TRUE,"Lower Fraser","Lower Fraser","CM-2","Current",4,4,7,12,"Fraser Chum Salmon"
4,"Fraser","FRSR","Steelhead","SH",780,780,TRUE,"Mid Fraser Summer","Mid Fraser Summer",NA,NA,5,4,10,NA,NA
4,"Fraser","FRSR","Steelhead","SH",781,781,TRUE,"Thompson Summer","Thompson Summer",NA,NA,5,4,10,NA,NA
4,"Fraser","FRSR","Steelhead","SH",782,782,TRUE,"Lower Fraser Winter","Lower Fraser Winter",NA,NA,5,4,10,NA,NA
4,"Fraser","FRSR","Steelhead","SH",783,783,TRUE,"Fraser Canyon Summer","Fraser Canyon Summer",NA,NA,5,4,10,NA,NA
4,"Fraser","FRSR","Steelhead","SH",784,784,TRUE,"Lower Fraser Summer","Lower Fraser Summer",NA,NA,5,4,10,NA,NA
4,"Fraser","FRSR","Steelhead","SH",785,785,TRUE,"Boundary Bay Winter","Boundary Bay Winter",NA,NA,5,4,10,NA,NA
5,"Vancouver Island & Mainland Inlets","VIMI","Lake sockeye","SEL",927,927,TRUE,"Fulmore","Fulmore","SEL-11-01","Current",5,5,1,11,"ECVI/Mainland Sockeye Salmon "
5,"Vancouver Island & Mainland Inlets","VIMI","Lake sockeye","SEL",928,928,TRUE,"Heydon","Heydon","SEL-11-02","Current",5,5,1,11,"ECVI/Mainland Sockeye Salmon "
5,"Vancouver Island & Mainland Inlets","VIMI","Lake sockeye","SEL",929,929,TRUE,"Kakweiken","Kakweiken","SEL-11-03","Current",5,5,1,11,"ECVI/Mainland Sockeye Salmon "
5,"Vancouver Island & Mainland Inlets","VIMI","Lake sockeye","SEL",930,930,TRUE,"Loose","Loose","SEL-11-04","Current",5,5,1,11,"ECVI/Mainland Sockeye Salmon "
5,"Vancouver Island & Mainland Inlets","VIMI","Lake sockeye","SEL",931,931,TRUE,"Mackenzie","Mackenzie","SEL-11-05","Current",5,5,1,11,"ECVI/Mainland Sockeye Salmon "
5,"Vancouver Island & Mainland Inlets","VIMI","Lake sockeye","SEL",932,932,TRUE,"Phillips","Phillips","SEL-11-06","Current",5,5,1,11,"ECVI/Mainland Sockeye Salmon "
5,"Vancouver Island & Mainland Inlets","VIMI","Lake sockeye","SEL",933,933,TRUE,"Sakinaw","Sakinaw","SEL-11-07","Current",5,5,1,11,"ECVI/Mainland Sockeye Salmon "
5,"Vancouver Island & Mainland Inlets","VIMI","Lake sockeye","SEL",935,935,TRUE,"Tzoonie","Tzoonie","SEL-11-09","Current",5,5,1,11,"ECVI/Mainland Sockeye Salmon "
5,"Vancouver Island & Mainland Inlets","VIMI","Lake sockeye","SEL",937,937,TRUE,"Ida-Bonanza","Ida/Bonanza","SEL-12-01","Current",5,5,1,11,"ECVI/Mainland Sockeye Salmon "
5,"Vancouver Island & Mainland Inlets","VIMI","Lake sockeye","SEL",938,938,TRUE,"Nahwitti","Nahwitti","SEL-12-02","Current",5,5,1,11,"ECVI/Mainland Sockeye Salmon "
5,"Vancouver Island & Mainland Inlets","VIMI","Lake sockeye","SEL",939,939,TRUE,"Nimpkish","Nimpkish","SEL-12-03","Current",5,5,1,11,"ECVI/Mainland Sockeye Salmon "
5,"Vancouver Island & Mainland Inlets","VIMI","Lake sockeye","SEL",941,941,TRUE,"Quatse","Quatse","SEL-12-05","Current",5,5,1,11,"ECVI/Mainland Sockeye Salmon "
5,"Vancouver Island & Mainland Inlets","VIMI","Lake sockeye","SEL",942,942,TRUE,"Schoen","Schoen","SEL-12-06","Current",5,5,1,11,"ECVI/Mainland Sockeye Salmon "
5,"Vancouver Island & Mainland Inlets","VIMI","Lake sockeye","SEL",943,943,TRUE,"Shushartie","Shushartie","SEL-12-07","Current",5,5,1,11,"ECVI/Mainland Sockeye Salmon "
5,"Vancouver Island & Mainland Inlets","VIMI","Lake sockeye","SEL",944,944,TRUE,"Woss","Woss","SEL-12-08","Current",5,5,1,11,"ECVI/Mainland Sockeye Salmon "
5,"Vancouver Island & Mainland Inlets","VIMI","Lake sockeye","SEL",945,945,TRUE,"Alice","Alice","SEL-13-01","Current",5,5,1,59,"WCVI - Other Sockeye Salmon"
5,"Vancouver Island & Mainland Inlets","VIMI","Lake sockeye","SEL",946,946,TRUE,"Canoe Creek","Canoe Creek","SEL-13-02","Current",5,5,1,59,"WCVI - Other Sockeye Salmon"
5,"Vancouver Island & Mainland Inlets","VIMI","Lake sockeye","SEL",947,947,TRUE,"Cecilia","Cecilia","SEL-13-03","Current",5,5,1,59,"WCVI - Other Sockeye Salmon"
5,"Vancouver Island & Mainland Inlets","VIMI","Lake sockeye","SEL",948,948,TRUE,"Cheewat","Cheewat","SEL-13-04","Current",5,5,1,59,"WCVI - Other Sockeye Salmon"
5,"Vancouver Island & Mainland Inlets","VIMI","Lake sockeye","SEL",949,949,TRUE,"Clayoquot","Clayoquot","SEL-13-05","Current",5,5,1,59,"WCVI - Other Sockeye Salmon"
5,"Vancouver Island & Mainland Inlets","VIMI","Lake sockeye","SEL",950,950,TRUE,"Deserted","Deserted","SEL-13-06","Current",5,5,1,59,"WCVI - Other Sockeye Salmon"
5,"Vancouver Island & Mainland Inlets","VIMI","Lake sockeye","SEL",951,951,TRUE,"Fairy","Fairy","SEL-13-07","Current",5,5,1,59,"WCVI - Other Sockeye Salmon"
5,"Vancouver Island & Mainland Inlets","VIMI","Lake sockeye","SEL",952,952,TRUE,"Great Central","Great Central","SEL-13-08","Current",5,5,1,55,"WCVI/Barkley Sockeye Salmon"
5,"Vancouver Island & Mainland Inlets","VIMI","Lake sockeye","SEL",953,953,TRUE,"Henderson","Henderson","SEL-13-09","Current",5,5,1,55,"WCVI/Barkley Sockeye Salmon"
5,"Vancouver Island & Mainland Inlets","VIMI","Lake sockeye","SEL",954,954,TRUE,"Hesquiat","Hesquiat","SEL-13-10","Current",5,5,1,59,"WCVI - Other Sockeye Salmon"
5,"Vancouver Island & Mainland Inlets","VIMI","Lake sockeye","SEL",955,955,TRUE,"Hobiton","Hobiton","SEL-13-11","Current",5,5,1,59,"WCVI - Other Sockeye Salmon"
5,"Vancouver Island & Mainland Inlets","VIMI","Lake sockeye","SEL",956,956,TRUE,"Jansen","Jansen","SEL-13-12","Current",5,5,1,59,"WCVI - Other Sockeye Salmon"
5,"Vancouver Island & Mainland Inlets","VIMI","Lake sockeye","SEL",957,957,TRUE,"Kanim","Kanim","SEL-13-13","Current",5,5,1,59,"WCVI - Other Sockeye Salmon"
5,"Vancouver Island & Mainland Inlets","VIMI","Lake sockeye","SEL",958,958,TRUE,"Kennedy","Kennedy","SEL-13-14","Current",5,5,1,59,"WCVI - Other Sockeye Salmon"
5,"Vancouver Island & Mainland Inlets","VIMI","Lake sockeye","SEL",959,959,TRUE,"Maggie","Maggie","SEL-13-15","Current",5,5,1,59,"WCVI - Other Sockeye Salmon"
5,"Vancouver Island & Mainland Inlets","VIMI","Lake sockeye","SEL",960,960,TRUE,"Megin","Megin","SEL-13-16","Current",5,5,1,59,"WCVI - Other Sockeye Salmon"
5,"Vancouver Island & Mainland Inlets","VIMI","Lake sockeye","SEL",961,961,TRUE,"Muchalat","Muchalat","SEL-13-17","Current",5,5,1,59,"WCVI - Other Sockeye Salmon"
5,"Vancouver Island & Mainland Inlets","VIMI","Lake sockeye","SEL",962,962,TRUE,"Muriel","Muriel","SEL-13-18","Current",5,5,1,59,"WCVI - Other Sockeye Salmon"
5,"Vancouver Island & Mainland Inlets","VIMI","Lake sockeye","SEL",963,963,TRUE,"Nitinat","Nitinat","SEL-13-19","Current",5,5,1,59,"WCVI - Other Sockeye Salmon"
5,"Vancouver Island & Mainland Inlets","VIMI","Lake sockeye","SEL",964,964,TRUE,"O'Connell","O'Connell","SEL-13-20","Current",5,5,1,59,"WCVI - Other Sockeye Salmon"
5,"Vancouver Island & Mainland Inlets","VIMI","Lake sockeye","SEL",966,966,TRUE,"Park River","Park River","SEL-13-22","Current",5,5,1,59,"WCVI - Other Sockeye Salmon"
5,"Vancouver Island & Mainland Inlets","VIMI","Lake sockeye","SEL",967,967,TRUE,"Power","Power","SEL-13-23","Current",5,5,1,59,"WCVI - Other Sockeye Salmon"
5,"Vancouver Island & Mainland Inlets","VIMI","Lake sockeye","SEL",969,969,TRUE,"Sproat","Sproat","SEL-13-25","Current",5,5,1,55,"WCVI/Barkley Sockeye Salmon"
5,"Vancouver Island & Mainland Inlets","VIMI","Lake sockeye","SEL",970,970,TRUE,"William-Brink","William/Brink","SEL-13-26","Current",5,5,1,59,"WCVI - Other Sockeye Salmon"
5,"Vancouver Island & Mainland Inlets","VIMI","Lake sockeye","SEL",976,976,TRUE,"Vernon","Vernon","SEL-12-09","Current",5,5,1,11,"ECVI/Mainland Sockeye Salmon "
5,"Vancouver Island & Mainland Inlets","VIMI","River sockeye","SER",971,971,TRUE,"Southern Fjords (river-type)","Southern Fjords","SER-09","Current",4,5,2,NA,NA
5,"Vancouver Island & Mainland Inlets","VIMI","River sockeye","SER",972,972,TRUE,"West Vancouver Island (river-type)","West Vancouver Island","SER-10","Current",4,5,2,NA,NA
5,"Vancouver Island & Mainland Inlets","VIMI","River sockeye","SER",973,973,TRUE,"East Vancouver Island & Georgia Strait (river-type)","East Vancouver Island and Georgia Strait","SER-08","Current",4,5,2,NA,NA
5,"Vancouver Island & Mainland Inlets","VIMI","River sockeye","SER",974,974,TRUE,"NW Vancouver Island (river-type)","NW Vancouver Island","SER-11","Current",4,5,2,NA,NA
5,"Vancouver Island & Mainland Inlets","VIMI","Pink (odd)","PKO",921,921,TRUE,"East Howe Sound-Burrard Inlet (odd)","East Howe Sound-Burrard Inlet","PKO-2","Current",2,5,3,9,"ECVI/Mainland Pink Salmon"
5,"Vancouver Island & Mainland Inlets","VIMI","Pink (odd)","PKO",922,922,TRUE,"Georgia Strait (odd)","Georgia Strait","PKO-3","Current",2,5,3,9,"ECVI/Mainland Pink Salmon"
5,"Vancouver Island & Mainland Inlets","VIMI","Pink (odd)","PKO",923,923,TRUE,"East Vancouver Island-Johnstone Strait (odd)","East Vancouver Island-Johnstone Strait","PKO-4","Current",2,5,3,9,"ECVI/Mainland Pink Salmon"
5,"Vancouver Island & Mainland Inlets","VIMI","Pink (odd)","PKO",924,924,TRUE,"Nahwitti (odd)","Nahwitti","PKO-5","Current",2,5,3,9,"ECVI/Mainland Pink Salmon"
5,"Vancouver Island & Mainland Inlets","VIMI","Pink (odd)","PKO",925,925,TRUE,"West Vancouver Island (odd)","West Vancouver Island","PKO-6","Current",2,5,3,60,"WCVI Pink Salmon"
5,"Vancouver Island & Mainland Inlets","VIMI","Pink (odd)","PKO",926,926,TRUE,"Southern Fjords (odd)","Southern Fjords","PKO-7","Current",2,5,3,9,"ECVI/Mainland Pink Salmon"
5,"Vancouver Island & Mainland Inlets","VIMI","Pink (even)","PKE",917,917,TRUE,"Georgia Strait (even)","Georgia Strait","PKE-1","Current",2,5,4,9,"ECVI/Mainland Pink Salmon"
5,"Vancouver Island & Mainland Inlets","VIMI","Pink (even)","PKE",918,918,TRUE,"West Vancouver Island (even)","West Vancouver Island","PKE-2","Current",2,5,4,60,"WCVI Pink Salmon"
5,"Vancouver Island & Mainland Inlets","VIMI","Pink (even)","PKE",919,919,TRUE,"Northwest Vancouver Island (even)","Northwest Vancouver Island","PKE-3","Current",2,5,4,60,"WCVI Pink Salmon"
5,"Vancouver Island & Mainland Inlets","VIMI","Pink (even)","PKE",920,920,TRUE,"Southern Fjords (even)","Southern Fjords","PKE-4","Current",2,5,4,9,"ECVI/Mainland Pink Salmon"
5,"Vancouver Island & Mainland Inlets","VIMI","Chinook","CK",320,320,TRUE,"Southern Mainland-Georgia Strait (Fall x-1)","CK020-Southern Mainland-Georgia Strait_FA_0.x","CK-20","Current",5,5,5,23,"Georgia Strait Chinook Salmon"
5,"Vancouver Island & Mainland Inlets","VIMI","Chinook","CK",321,321,TRUE,"East Vancouver Island-Goldstream (Fall x-1)","CK021-East Vancouver Island-Goldstream_FA_0.x","CK-21","Current",5,5,5,23,"Georgia Strait Chinook Salmon"
5,"Vancouver Island & Mainland Inlets","VIMI","Chinook","CK",322,322,TRUE,"East Vancouver Island-Cowichan and Koksilah (Fall x-1)","CK022-East Vancouver Island-Cowichan and Koksilah_FA_0.x","CK-22","Current",5,5,5,23,"Georgia Strait Chinook Salmon"
5,"Vancouver Island & Mainland Inlets","VIMI","Chinook","CK",323,323,TRUE,"East Vancouver Island-Nanaimo (Spring x-2)","CK023-East Vancouver Island-Nanaimo_SP_1.x","CK-23","Current",5,5,5,23,"Georgia Strait Chinook Salmon"
5,"Vancouver Island & Mainland Inlets","VIMI","Chinook","CK",324,324,TRUE,"East Vancouver Island-Nanaimo and Chemainus (Fall x-1)","CK025-East Vancouver Island-Nanaimo and Chemainus_FA_0.x","CK-25","Current",5,5,5,23,"Georgia Strait Chinook Salmon"
5,"Vancouver Island & Mainland Inlets","VIMI","Chinook","CK",325,325,TRUE,"East Vancouver Island-Qualicum and Puntledge (Fall x-1)","CK027-East Vancouver Island-Qualicum and Puntledge_FA_0.x","CK-27","Current",5,5,5,23,"Georgia Strait Chinook Salmon"
5,"Vancouver Island & Mainland Inlets","VIMI","Chinook","CK",326,326,TRUE,"Southern Mainland-Southern Fjords (Fall x-1)","CK028-Southern Mainland-Southern Fjords_FA_0.x","CK-28","Current",5,5,5,31,"Johnstone Strait/Mainland Inlet Chinook Salmon"
5,"Vancouver Island & Mainland Inlets","VIMI","Chinook","CK",327,327,TRUE,"East Vancouver Island-North (Fall x-1)","CK029-East Vancouver Island-North_FA_0.x","CK-29","Current",5,5,5,31,"Johnstone Strait/Mainland Inlet Chinook Salmon"
5,"Vancouver Island & Mainland Inlets","VIMI","Chinook","CK",328,328,TRUE,"West Vancouver Island-South (Fall x-1)","CK031-West Vancouver Island-South_FA_0.x","CK-31","Current",5,5,5,56,"WCVI Chinook Salmon"
5,"Vancouver Island & Mainland Inlets","VIMI","Chinook","CK",329,329,TRUE,"West Vancouver Island-Nootka and Kyuquot (Fall x-1)","CK032-West Vancouver Island-Nootka and Kyuquot_FA_0.x","CK-32","Current",5,5,5,56,"WCVI Chinook Salmon"
5,"Vancouver Island & Mainland Inlets","VIMI","Chinook","CK",330,330,TRUE,"West Vancouver Island-North (Fall x-1)","CK033-West Vancouver Island-North_FA_0.x","CK-33","Current",5,5,5,56,"WCVI Chinook Salmon"
5,"Vancouver Island & Mainland Inlets","VIMI","Chinook","CK",331,331,TRUE,"Homathko (Summer x-x)","CK034-Homathko_SU_x.x","CK-34","Current",5,5,5,31,"Johnstone Strait/Mainland Inlet Chinook Salmon"
5,"Vancouver Island & Mainland Inlets","VIMI","Chinook","CK",332,332,TRUE,"Klinaklini (Summer 5-2)","CK035-Klinaklini_SU_1.3","CK-35","Current",5,5,5,31,"Johnstone Strait/Mainland Inlet Chinook Salmon"
5,"Vancouver Island & Mainland Inlets","VIMI","Chinook","CK",334,334,TRUE,"East Vancouver Island-Georgia Strait (Summer 4-1)","CK083-East Vancouver Island-Georgia Strait_SU_0.3","CK-83","Current",5,5,5,23,"Georgia Strait Chinook Salmon"
5,"Vancouver Island & Mainland Inlets","VIMI","Coho","CO",907,907,TRUE,"Howe Sound-Burrard Inlet","Howe Sound-Burrard Inlet","CO-10","Current",3,5,6,50,"Georgia Strait Coho Salmon"
5,"Vancouver Island & Mainland Inlets","VIMI","Coho","CO",908,908,TRUE,"Georgia Strait Mainland","Georgia Strait Mainland","CO-11","Current",3,5,6,50,"Georgia Strait Coho Salmon"
5,"Vancouver Island & Mainland Inlets","VIMI","Coho","CO",909,909,TRUE,"Southern Coastal Streams-Queen Charlotte Strait-Johnstone Strait-Southern Fjords","Southern Coastal Streams-Queen Charlotte Strait-Johnstone Strait-Southern Fjords","CO-12","Current",3,5,6,32,"Johnstone Strait/Mainland Inlet Coho Salmon"
5,"Vancouver Island & Mainland Inlets","VIMI","Coho","CO",910,910,TRUE,"East Vancouver Island-Georgia Strait","East Vancouver Island-Georgia Strait","CO-13","Current",3,5,6,50,"Georgia Strait Coho Salmon"
5,"Vancouver Island & Mainland Inlets","VIMI","Coho","CO",911,911,TRUE,"East Vancouver Island-Johnstone Strait-Southern Fjords","East Vancouver Island-Johnstone Strait-Southern Fjords","CO-14","Current",3,5,6,32,"Johnstone Strait/Mainland Inlet Coho Salmon"
5,"Vancouver Island & Mainland Inlets","VIMI","Coho","CO",912,912,TRUE,"Nahwitti Lowland","Nahwitti Lowland","CO-15","Current",3,5,6,32,"Johnstone Strait/Mainland Inlet Coho Salmon"
5,"Vancouver Island & Mainland Inlets","VIMI","Coho","CO",913,913,TRUE,"Juan de Fuca-Pachena","Juan de Fuca-Pachena","CO-16","Current",3,5,6,58,"WCVI Coho Salmon"
5,"Vancouver Island & Mainland Inlets","VIMI","Coho","CO",914,914,TRUE,"West Vancouver Island","West Vancouver Island","CO-17","Current",3,5,6,58,"WCVI Coho Salmon"
5,"Vancouver Island & Mainland Inlets","VIMI","Coho","CO",915,915,TRUE,"Clayoquot","Clayoquot","CO-18","Current",3,5,6,58,"WCVI Coho Salmon"
5,"Vancouver Island & Mainland Inlets","VIMI","Coho","CO",916,916,TRUE,"Homathko-Klinaklini Rivers","Homathko-Klinaklini Rivers","CO-19","Current",3,5,6,32,"Johnstone Strait/Mainland Inlet Coho Salmon"
5,"Vancouver Island & Mainland Inlets","VIMI","Chum","CM",900,900,TRUE,"Southern Coastal Streams","Southern Coastal Streams","CM-8","Current",4,5,7,29,"Inner South Coast Chum Salmon"
5,"Vancouver Island & Mainland Inlets","VIMI","Chum","CM",901,901,TRUE,"Bute Inlet","Bute Inlet","CM-7","Current",4,5,7,29,"Inner South Coast Chum Salmon"
5,"Vancouver Island & Mainland Inlets","VIMI","Chum","CM",902,902,TRUE,"Loughborough","Loughborough","CM-6","Current",4,5,7,29,"Inner South Coast Chum Salmon"
5,"Vancouver Island & Mainland Inlets","VIMI","Chum","CM",903,903,TRUE,"Northeast Vancouver Island","Northeast Vancouver Island","CM-5","Current",4,5,7,29,"Inner South Coast Chum Salmon"
5,"Vancouver Island & Mainland Inlets","VIMI","Chum","CM",904,904,TRUE,"Georgia Strait","Georgia Strait","CM-4","Current",4,5,7,29,"Inner South Coast Chum Salmon"
5,"Vancouver Island & Mainland Inlets","VIMI","Chum","CM",905,905,TRUE,"Howe Sound-Burrard Inlet","Howe Sound-Burrard Inlet","CM-3","Current",4,5,7,29,"Inner South Coast Chum Salmon"
5,"Vancouver Island & Mainland Inlets","VIMI","Chum","CM",977,977,TRUE,"Northwest Vancouver Island","Northwest Vancouver Island","CM-11","Current",4,5,7,57,"WCVI Chum Salmon"
5,"Vancouver Island & Mainland Inlets","VIMI","Chum","CM",978,978,TRUE,"Southwest & West Vancouver Island","Southwest & West  Vancouver Island","CM-10","Current",4,5,7,57,"WCVI Chum Salmon"
5,"Vancouver Island & Mainland Inlets","VIMI","Chum","CM",979,979,TRUE,"Upper Knight","Upper Knight","CM-9","Current",4,5,7,57,"WCVI Chum Salmon"
5,"Vancouver Island & Mainland Inlets","VIMI","Steelhead","SH",980,980,TRUE,"South Coast Winter","South Coast Winter",NA,NA,5,5,10,NA,NA
5,"Vancouver Island & Mainland Inlets","VIMI","Steelhead","SH",981,981,TRUE,"East Vancouver Island Winter","East Vancouver Island Winter",NA,NA,5,5,10,NA,NA
5,"Vancouver Island & Mainland Inlets","VIMI","Steelhead","SH",982,982,TRUE,"West Vancouver Island Winter","West Vancouver Island Winter",NA,NA,5,5,10,NA,NA
5,"Vancouver Island & Mainland Inlets","VIMI","Steelhead","SH",983,983,TRUE,"South Coast Summer","South Coast Summer",NA,NA,5,5,10,NA,NA
5,"Vancouver Island & Mainland Inlets","VIMI","Steelhead","SH",984,984,TRUE,"West Vancouver Island Summer","West Vancouver Island Summer",NA,NA,5,5,10,NA,NA
5,"Vancouver Island & Mainland Inlets","VIMI","Steelhead","SH",985,985,TRUE,"East Vancouver Island Summer","East Vancouver Island Summer",NA,NA,5,5,10,NA,NA
6,"Haida Gwaii","HG","Lake sockeye","SEL",819,819,TRUE,"Ain-Skundale-Ian","Ain/Skundale/Ian","SEL-17-01","Current",5,6,1,27,"Haida Gwaii Sockeye Salmon"
6,"Haida Gwaii","HG","Lake sockeye","SEL",820,820,TRUE,"Awun","Awun","SEL-17-02","Current",5,6,1,27,"Haida Gwaii Sockeye Salmon"
6,"Haida Gwaii","HG","Lake sockeye","SEL",821,821,TRUE,"Fairfax","Fairfax","SEL-17-03","Current",5,6,1,27,"Haida Gwaii Sockeye Salmon"
6,"Haida Gwaii","HG","Lake sockeye","SEL",822,822,TRUE,"Jalun","Jalun","SEL-17-04","Current",5,6,1,27,"Haida Gwaii Sockeye Salmon"
6,"Haida Gwaii","HG","Lake sockeye","SEL",823,823,TRUE,"Marian/Eden","Marian/Eden","SEL-17-05",NA,5,6,1,27,"Haida Gwaii Sockeye Salmon"
6,"Haida Gwaii","HG","Lake sockeye","SEL",824,824,TRUE,"Mathers","Mathers","SEL-17-06","Current",5,6,1,27,"Haida Gwaii Sockeye Salmon"
6,"Haida Gwaii","HG","Lake sockeye","SEL",825,825,TRUE,"Mercer","Mercer","SEL-17-07","Current",5,6,1,27,"Haida Gwaii Sockeye Salmon"
6,"Haida Gwaii","HG","Lake sockeye","SEL",826,826,TRUE,"Skidegate","Skidegate","SEL-17-08","Current",5,6,1,27,"Haida Gwaii Sockeye Salmon"
6,"Haida Gwaii","HG","Lake sockeye","SEL",827,827,TRUE,"Yakoun","Yakoun","SEL-17-09","Current",5,6,1,27,"Haida Gwaii Sockeye Salmon"
6,"Haida Gwaii","HG","Lake sockeye","SEL",828,828,TRUE,"Marie","Marie","SEL-17-10","Current",5,6,1,27,"Haida Gwaii Sockeye Salmon"
6,"Haida Gwaii","HG","River sockeye","SER",816,816,TRUE,"East Haida Gwaii (river-type)","East Haida Gwaii","SER-13","Current",5,6,2,NA,NA
6,"Haida Gwaii","HG","River sockeye","SER",817,817,TRUE,"North Haida Gwaii (river-type)","North Haida Gwaii","SER-15","Current",5,6,2,NA,NA
6,"Haida Gwaii","HG","River sockeye","SER",818,818,TRUE,"West Haida Gwaii (river-type)","West Haida Gwaii","SER-14","Current",5,6,2,NA,NA
6,"Haida Gwaii","HG","Pink (odd)","PKO",813,813,TRUE,"East Haida Gwaii (odd)","East Haida Gwaii","PKO-9","Current",2,6,3,26,"Haida Gwaii Pink Salmon"
6,"Haida Gwaii","HG","Pink (odd)","PKO",814,814,TRUE,"North Haida Gwaii (odd)","North Haida Gwaii","PKO-10","Current",2,6,3,26,"Haida Gwaii Pink Salmon"
6,"Haida Gwaii","HG","Pink (odd)","PKO",815,815,TRUE,"West Haida Gwaii (odd)","West Haida Gwaii","PKO-11","Current",2,6,3,26,"Haida Gwaii Pink Salmon"
6,"Haida Gwaii","HG","Pink (even)","PKE",810,810,TRUE,"North Haida Gwaii (even)","North Haida Gwaii","PKE-9","Current",2,6,4,26,"Haida Gwaii Pink Salmon"
6,"Haida Gwaii","HG","Pink (even)","PKE",811,811,TRUE,"East Haida Gwaii (even)","East Haida Gwaii","PKE-10","Current",2,6,4,26,"Haida Gwaii Pink Salmon"
6,"Haida Gwaii","HG","Pink (even)","PKE",812,812,TRUE,"West Haida Gwaii (even)","West Haida Gwaii","PKE-11","Current",2,6,4,26,"Haida Gwaii Pink Salmon"
6,"Haida Gwaii","HG","Chinook","CK",805,805,TRUE,"North Haida Gwaii","Haida Gwaii-North","CK-43","Current",6,6,5,28,"Haida Gwaii Chinook Salmon"
6,"Haida Gwaii","HG","Chinook","CK",806,806,TRUE,"East Haida Gwaii","Haida Gwaii-East","CK-44","Current",6,6,5,28,"Haida Gwaii Chinook Salmon"
6,"Haida Gwaii","HG","Coho","CO",807,807,TRUE,"East Haida Gwaii","Haida Gwaii-East","CO-23","Current",3,6,6,25,"Haida Gwaii Coho Salmon"
6,"Haida Gwaii","HG","Coho","CO",808,808,TRUE,"West Haida Gwaii","Haida Gwaii-West","CO-24","Current",3,6,6,25,"Haida Gwaii Coho Salmon"
6,"Haida Gwaii","HG","Coho","CO",809,809,TRUE,"Haida Gwaii-Graham Island Lowlands","Haida Gwaii-Graham Island Lowlands","CO-25","Current",3,6,6,25,"Haida Gwaii Coho Salmon"
6,"Haida Gwaii","HG","Chum","CM",800,800,TRUE,"North Haida Gwaii-Stanley Creek","North Haida Gwaii-Stanley Creek","CM-25","Current",5,6,7,24,"Haida Gwaii Chum Salmon"
6,"Haida Gwaii","HG","Chum","CM",801,801,TRUE,"East Haida Gwaii","East HG","CM-21","Current",5,6,7,24,"Haida Gwaii Chum Salmon"
6,"Haida Gwaii","HG","Chum","CM",802,802,TRUE,"North Haida Gwaii","North Haida Gwaii","CM-24","Current",5,6,7,24,"Haida Gwaii Chum Salmon"
6,"Haida Gwaii","HG","Chum","CM",803,803,TRUE,"West Haida Gwaii","West Haida Gwaii","CM-23","Current",5,6,7,24,"Haida Gwaii Chum Salmon"
6,"Haida Gwaii","HG","Chum","CM",804,804,TRUE,"Skidegate","Skidegate","CM-22","Current",5,6,7,24,"Haida Gwaii Chum Salmon"
6,"Haida Gwaii","HG","Steelhead","SH",880,880,TRUE,"Haida Gwaii Winter","Haida Gwaii Winter",NA,NA,5,6,10,NA,NA
7,"Columbia","CLMB","Lake sockeye","SEL",1300,1300,TRUE,"Osoyoos","Osoyoos","SEL-01-01","Current",4,7,1,38,"Okanagan Sockeye Salmon"
7,"Columbia","CLMB","Chinook","CK",301,301,TRUE,"Okanagan","CK001-Okanagan_1.x","CK-1","Current",5,7,5,37,"Okanagan Chinook Salmon"
7,"Columbia","CLMB","Steelhead","SH",1380,1380,TRUE,"Mid Columbia Summer","Mid Columbia Summer",NA,NA,5,7,10,NA,NA
8,"Yukon","YT","Chinook","CK",1201,1201,TRUE,"Big Salmon","Big Salmon","CK-70","Current",6,8,5,61,"Yukon Chinook Salmon"
8,"Yukon","YT","Chinook","CK",1202,1202,TRUE,"Nordenskiold","Nordenskiold","CK-71","Current",6,8,5,61,"Yukon Chinook Salmon"
8,"Yukon","YT","Chinook","CK",1203,1203,TRUE,"Pelly","Pelly","CK-72","Current",6,8,5,61,"Yukon Chinook Salmon"
8,"Yukon","YT","Chinook","CK",1204,1204,TRUE,"Middle Yukon","Middle Yukon River and tributaries","CK-73","Current",6,8,5,61,"Yukon Chinook Salmon"
8,"Yukon","YT","Chinook","CK",1205,1205,TRUE,"Stewart","Stewart","CK-74","Current",6,8,5,61,"Yukon Chinook Salmon"
8,"Yukon","YT","Chinook","CK",1206,1206,TRUE,"White","White and tributaries","CK-75","Current",6,8,5,61,"Yukon Chinook Salmon"
8,"Yukon","YT","Chinook","CK",1207,1207,TRUE,"Northern Yukon","Northern Yukon River and tributaries","CK-76","Current",6,8,5,61,"Yukon Chinook Salmon"
8,"Yukon","YT","Chinook","CK",1208,1208,TRUE,"Salmon Fork","Salmon Fork","CK-77","Current",6,8,5,61,"Yukon Chinook Salmon"
8,"Yukon","YT","Chinook","CK",1209,1209,TRUE,"Porcupine","Porcupine (Chinook)","CK-78","Current",6,8,5,61,"Yukon Chinook Salmon"
8,"Yukon","YT","Chinook","CK",1210,1210,TRUE,"Old Crow","Old Crow","CK-79","Current",6,8,5,61,"Yukon Chinook Salmon"
8,"Yukon","YT","Chinook","CK",1211,1211,TRUE,"Upper Yukon","Upper Yukon River","CK-69","Current",6,8,5,61,"Yukon Chinook Salmon"
8,"Yukon","YT","Chinook","CK",1212,1212,TRUE,"Teslin","Yukon River-Teslin headwaters","CK-68","Current",6,8,5,61,"Yukon Chinook Salmon"
8,"Yukon","YT","Coho","CO",1220,1220,TRUE,"Porcupine","Porcupine River (coho)","CO-46","Current",3,8,6,40,"Porcupine Coho Salmon"
8,"Yukon","YT","Chum","CM",1213,1213,TRUE,"Middle Yukon","Middle Yukon","CM-42","Current",4,8,7,62,"Yukon Chum Salmon"
8,"Yukon","YT","Chum","CM",1214,1214,TRUE,"North Yukon","N Yukon River","CM-43","Current",4,8,7,62,"Yukon Chum Salmon"
8,"Yukon","YT","Chum","CM",1215,1215,TRUE,"White","White","CM-44","Current",4,8,7,62,"Yukon Chum Salmon"
8,"Yukon","YT","Chum","CM",1216,1216,TRUE,"Donjek Kluane","Donjek Kluane","CM-45","Current",4,8,7,62,"Yukon Chum Salmon"
8,"Yukon","YT","Chum","CM",1217,1217,TRUE,"Porcupine","Porcupine River (chum)","CM-46","Current",4,8,7,39,"Porcupine Chum Salmon"
8,"Yukon","YT","Chum","CM",1218,1218,TRUE,"Stewart","Stewart","CM-48","VREQ[Current]",4,8,7,62,"Yukon Chum Salmon"
8,"Yukon","YT","Chum","CM",1219,1219,TRUE,"Teslin","Teslin","CM-38","Current",4,8,7,62,"Yukon Chum Salmon"
10,"Northern Transboundary","TBR","Lake sockeye","SEL",1024,1024,TRUE,"Border","Border","SEL-25-01","Current",5,10,1,NA,NA
10,"Northern Transboundary","TBR","Lake sockeye","SEL",1025,1025,TRUE,"Christina","Christina","SEL-26-01","Current",5,10,1,49,"Stikine Sockeye Salmon"
10,"Northern Transboundary","TBR","Lake sockeye","SEL",1026,1026,TRUE,"Tahltan","Tahltan","SEL-26-02","Current",5,10,1,49,"Stikine Sockeye Salmon"
10,"Northern Transboundary","TBR","Lake sockeye","SEL",1027,1027,TRUE,"Kuthai","Kuthai","SEL-28-01","Current",5,10,1,53,"Taku Sockeye Salmon"
10,"Northern Transboundary","TBR","Lake sockeye","SEL",1028,1028,TRUE,"Little Trapper","Little Trapper","SEL-28-02","Current",5,10,1,53,"Taku Sockeye Salmon"
10,"Northern Transboundary","TBR","Lake sockeye","SEL",1029,1029,TRUE,"Tatsamenie","Tatsamenie","SEL-28-03","Current",5,10,1,53,"Taku Sockeye Salmon"
10,"Northern Transboundary","TBR","Lake sockeye","SEL",1031,1031,TRUE,"Blanchard","Blanchard","SEL-30-01","Current",5,10,1,3,"Alsek Sockeye Salmon"
10,"Northern Transboundary","TBR","Lake sockeye","SEL",1033,1033,TRUE,"King Salmon","King Salmon","SEL-28-05","Current",4,10,1,53,"Taku Sockeye Salmon"
10,"Northern Transboundary","TBR","Lake sockeye","SEL",1036,1036,TRUE,"Chutine","Chutine","SEL-26-03","Current",5,10,1,49,"Stikine Sockeye Salmon"
10,"Northern Transboundary","TBR","Lake sockeye","SEL",1037,1037,TRUE,"Whiting","Whiting","SEL-27-01","Current",5,10,1,NA,NA
10,"Northern Transboundary","TBR","Lake sockeye","SEL",1038,1038,TRUE,"Klukshu","Klukshu","SEL-30-02","Current",5,10,1,3,"Alsek Sockeye Salmon"
10,"Northern Transboundary","TBR","Lake sockeye","SEL",1039,1039,TRUE,"Nesketahin","Nesketahin","SEL-30-03","Current",5,10,1,3,"Alsek Sockeye Salmon"
10,"Northern Transboundary","TBR","River sockeye","SER",1021,1021,TRUE,"Alsek (river-type)","Alsek River","SER-24","Current",5,10,2,3,"Alsek Sockeye Salmon"
10,"Northern Transboundary","TBR","River sockeye","SER",1022,1022,TRUE,"Chilkat (river-type)","Chilkat River","SER-023","Current",5,10,2,NA,NA
10,"Northern Transboundary","TBR","River sockeye","SER",1023,1023,TRUE,"Northern Transboundary Fjords (river-type)","Northern Transboundary Fjords","SER-22","Current",5,10,2,NA,NA
10,"Northern Transboundary","TBR","Pink (odd)","PKO",1020,1020,TRUE,"Transboundary Fjords (odd)","Transboundary Fjords","PKO-19","Current",2,10,3,NA,NA
10,"Northern Transboundary","TBR","Pink (even)","PKE",1019,1019,TRUE,"Transboundary Fjords (even)","Transboundary Fjords","PKE-13","Current",2,10,4,NA,NA
10,"Northern Transboundary","TBR","Chinook","CK",1004,1004,TRUE,"Alsek","Alsek","CK-67","Current",5,10,5,1,"Alsek Chinook Salmon"
10,"Northern Transboundary","TBR","Chinook","CK",1005,1005,TRUE,"Lynn Canal","Lynn Canal","CK-66","Current",6,10,5,NA,NA
10,"Northern Transboundary","TBR","Chinook","CK",1006,1006,TRUE,"Taku-Early Timing","Taku-Early Timing","CK-63","Current",6,10,5,51,"Taku Chinook Salmon"
10,"Northern Transboundary","TBR","Chinook","CK",1007,1007,TRUE,"Taku-Mid Timing","Taku-Mid Timing","CK-64","Current",6,10,5,51,"Taku Chinook Salmon"
10,"Northern Transboundary","TBR","Chinook","CK",1008,1008,TRUE,"Taku-Late Timing","Taku-Late Timing","CK-65","Current",6,10,5,51,"Taku Chinook Salmon"
10,"Northern Transboundary","TBR","Chinook","CK",1009,1009,TRUE,"Whiting","Whiting","CK-62","Current",6,10,5,NA,NA
10,"Northern Transboundary","TBR","Chinook","CK",1010,1010,TRUE,"Stikine-Early Timing","Stikine-Early Timing","CK-60","Current",6,10,5,47,"Stikine Chinook Salmon"
10,"Northern Transboundary","TBR","Chinook","CK",1011,1011,TRUE,"Stikine-Late Timing","Stikine-Late Timing","CK-61","Current",6,10,5,47,"Stikine Chinook Salmon"
10,"Northern Transboundary","TBR","Chinook","CK",1012,1012,TRUE,"Unuk","Unuk","CK-59","Current",6,10,5,NA,NA
10,"Northern Transboundary","TBR","Coho","CO",1013,1013,TRUE,"Alsek","Alsek River","CO-45","Current",4,10,6,2,"Alsek Coho Salmon"
10,"Northern Transboundary","TBR","Coho","CO",1014,1014,TRUE,"Lynn Canal","Lynn Canal","CO-44","Current",4,10,6,NA,NA
10,"Northern Transboundary","TBR","Coho","CO",1015,1015,TRUE,"Taku-Late Timing","Taku-Late Timing","CO-42","Current",4,10,6,52,"Taku Coho Salmon"
10,"Northern Transboundary","TBR","Coho","CO",1016,1016,TRUE,"Whiting","Whiting River","CO-40","Current",4,10,6,NA,NA
10,"Northern Transboundary","TBR","Coho","CO",1017,1017,TRUE,"Lower Stikine","Lower Stikine","CO-39","Current",4,10,6,48,"Stikine Coho Salmon"
10,"Northern Transboundary","TBR","Coho","CO",1018,1018,TRUE,"Unuk","Unuk River","CO-38","Current",4,10,6,NA,NA
10,"Northern Transboundary","TBR","Coho","CO",1034,1034,TRUE,"Taku-Early Timing","Taku-Early Timing","CO-41","Current",4,10,6,52,"Taku Coho Salmon"
10,"Northern Transboundary","TBR","Coho","CO",1035,1035,TRUE,"Taku-Mid Timing","Taku-Mid Timing","CO-43","Current",4,10,6,52,"Taku Coho Salmon"
10,"Northern Transboundary","TBR","Chum","CM",1000,1000,TRUE,"Lynn Canal","Lynn Canal","CM-37","Current",4,10,7,NA,NA
10,"Northern Transboundary","TBR","Chum","CM",1001,1001,TRUE,"Taku","Taku","CM-36","Current",4,10,7,54,"Transboundary Chum Salmon"
10,"Northern Transboundary","TBR","Chum","CM",1002,1002,TRUE,"Whiting","Whiting","CM-35","Current",4,10,7,NA,NA
10,"Northern Transboundary","TBR","Chum","CM",1003,1003,TRUE,"Unuk","Unuk","CM-33","Current",4,10,7,NA,NA
10,"Northern Transboundary","TBR","Chum","CM",1032,1032,TRUE,"Lower Stikine","Lower Stikine","CM-34","Current",4,10,7,54,"Transboundary Chum Salmon"
10,"Northern Transboundary","TBR","Steelhead","SH",1080,1080,TRUE,"Alsek Summer","Alsek Summer",NA,NA,5,10,10,NA,NA
10,"Northern Transboundary","TBR","Steelhead","SH",1081,1081,TRUE,"Taku Summer","Taku Summer",NA,NA,5,10,10,NA,NA
10,"Northern Transboundary","TBR","Steelhead","SH",1082,1082,TRUE,"Taku Winter","Taku Winter",NA,NA,5,10,10,NA,NA
10,"Northern Transboundary","TBR","Steelhead","SH",1083,1083,TRUE,"Stikine Summer","Stikine Summer",NA,NA,5,10,10,NA,NA
10,"Northern Transboundary","TBR","Steelhead","SH",1084,1084,TRUE,"Stikine Winter","Stikine Winter",NA,NA,5,10,10,NA,NA
